ID,Comentario_Original,Clasificacion_ISO_25010_2023
801,cuando ahi actualizacion el problema es que tienes que volver a activar tus tokens y aveces su sistema facial y sistema de reconocimiento de DNI son muy precario en 6 ocaciones no me aceptaron que tuve que ir al banco al cajero y eso es perdida de tiempo del BCP su reconocimiento facial y de DNI es bien eficaz mas rapido y mas actualizado,authenticity
802,"Tiempo necesario para utilizar la aplicaci칩n para hacer una transferencia: 15 minutos (y no consegu칤 terminar la operaci칩n). Tiempo necesario para hacer la misma operaci칩n en Yape: 40 segundos (y s칤 se hizo la transferencia) Actualizaci칩n: Nunca he podido enviar dinero a Yape desde Plin. Y desde hace tres d칤as no consigo hacer una transferencia a otra cuenta BBVA: el mensaje que me da es: ""la entidad bancaria a la que intentas transferir est치 inhabilitada"". 춰Pero la ""entidad bancaria"" es BBVA!",not_applicable
803,"p칠sima. Por m치s que tengas el celular en buenas condiciones no es el celular es la aplicaci칩n comparada a otras similares y es muy poco intuitiva. Mejoren esto yaaa ac치 en Per칰, en otros pa칤ses dicen q es mejor.",not_applicable
804,"hola , buenos d칤as , al principio estaba todo bien pero ahora tengo un inconveniente como trabajo con Plin por pagos no me sale la activaci칩n de las notificaciones, cada vez que la quiero activar en la aplicaci칩n me sale error y cuando quiero verificar un pago por Plim tengo que entrar ala aplicaci칩n y eso me toma tiempo , espero puedan solucionar.gracias",non_repudiation
805,este aplicativo est치 hecho una basura. da error a hacer Plim o yape. no te deja movimientos y a la otra persona tampoco le llega comprobante. pero si te descuentan el dinero. no s칠 ven reflejado. los movimientos. solo algunos pocos. no todos. el dinero solo desaparece. arreglen ede aplicativo.,integrity
806,"P칠sima aplicaci칩n. Adem치s, la actualizaci칩n ha sido realizada en el momento menos indicado, puesto que muchas personas (como mis padres) han comenzado a usar este tipo de herramientas (para no salir de casa) y cuando estaban familiariz치ndose con la versi칩n anterior, lanzan esta versi칩n poco o nada amigable . En mi caso, no puedo realizar ninguna operaci칩n desde hace 2 d칤as por problemas con el token.",authenticity
807,"Tengo problemas con la App, no me deja entrar, solo cuando reinicio mi celular , ah칤 si puedo entrar solo unos minutos y luego aparece: int칠ntalo nuevamente m치s tarde, y el biom칠trico falla tambi칠n. Tienen que arreglar estos problemas. Aparte, muy lenta la app, y no me deja plinear a yape, me sale que tengo que invitar a la otra persona.",authenticity
808,El chat con el asesor siempre se cierra pese a que no haya pasado m치s de 5 minutos sin actividad. Es imposible realizar cualquier consulta por este medio. Edit: el problema persiste y no ofrecen ninguna soluci칩n.,not_applicable
809,"Con su 칰ltima actualizaci칩n, vuelven a pedir la activaci칩n del token digital y no se puede activar porque siempre sale error, impidiendo realizar transferencias cuando uno lo necesita.",authenticity
810,"No se puede hacer transacciones, ni siquiera activar el token digital, porque el c칩digo llega cuando se acab칩 el tiempo y solicitas nuevo c칩digo, es una tonter칤a de aplicativo, que en lugar de ser 칰til, nos perjudica, haci칠ndonos perder el tiempo y lo que implica tenerla. No hay valoraci칩n negativa, por lo que queda colocar, la m칤nima.",authenticity
811,"Por lo general funcionaba bien, pero desde hace unos d칤as que el token digital no se activa, un d칤a simplemente se desconecto y desde entonces me aperece error del sistema. Puede que sea mi celular y podr칤a usar otro dispositivo, pero hay otro problema desde que cree la cuenta NO ME PERMITE PONER MI CONTRASE칌A COMPLETA, acepta hasta 9 caracteres y de ah칤 nada m치s, cuando yo cree la cuenta puse una contrase침a de 11, si no la iban aceptar eso entonces para que me permitieron crear una tan larga?",authenticity
812,"La aplicaci칩n no lee el qr de mi tarjeta y, seg칰n he le칤do en varios v칤deos y foros, es un problema de larga data que, aparentemente, no planean solucionar. P칠sima aplicaci칩n, no brinda ninguna facilidad y genera problemas a quienes tenemos este tipo de tarjetas. Si no poseen el soporte para este tipo de tecnolog칤as no deber칤an ofrecer productos como este.",authenticity
813,"La nueva versi칩n es m치s complicada y se para colgando. Antes era m치s r치pido. Por ejemplo, si uno desea hacer un pago de servicio, antes podias ir de frente a la transacci칩n y elegir de que cuenta se debitaba; ahora se tiene que elegir primero la cuenta y explorar recien que se va a a realizar encima no es f치cil. Vuelvan a la versi칩n antigua por favor!!!",not_applicable
814,"p칠sima aplicaci칩n, literalmente me descargu칠 la aplicaci칩n solamente para poder plimear r치pido una cantidad de dinero ya voy esperando m치s de media hora a que el dinero por fin se transfiera y nada me pide que haga el proceso nuevamente, honestamente me decepcion칩 la aplicaci칩n aparte que piden demasiadas cosas para poder mandar, me encuentro muy enojada con esta aplicaci칩n",not_applicable
815,"Pienso que para el pago de servicios esta app es un tanto complicada deber칤an echarle una mirada a YAPE. Otra cosa, en las cuentas de ahorro, hay un saldo contable y un saldo disponible que siempre es menor, que a fin de cuentas es una diferencia que nunca puedes usar. El banco utiliza mucho esta app para hacer propaganda de su empresa y te desconcentra de lo que est치s haciendo. Creo que son cosas que se pueden solucionar.",not_applicable
816,"Seg칰n los comentarios, veo que Plin a sido modificado y perdido practicidad en su uso. En mi caso he cocido la app hace unos meses y no he tenido problemas en adaptarme, mi problema es al pagar en un negocio con el escaneo de los c칩digos QR, es una tortura porque la app se cuelga, y no me permite hacerlo, obligandome a pagar colocando el n칰mero y eso es perder practicidad espero mejoren pronto, tener quejas de hace un par de a침os es tener descuidado a sus usuarios.",authenticity
817,"Mal칤sima ,cada vez m치s estresante lo lenta que es y cuando quiero hacer un Plin al destinatario no le llega pero si se descuenta de mi saldo... Aaaaaa pero para descontar la comisi칩n de mantenimiento mensual si son rapid칤simos.",integrity
818,Horrible. Lent칤sima. Hay ofertas en Temu que te exigen pagar en 30 segundos y es materialmente imposible llegar y ver el CVV din치mico de tu tarjeta en ese tiempo. Directamente se pierden ofertas por culpa de esta app...,authenticity
819,"Buenos d칤as., me parece una falta de respeto lo que este banco est치 haciendo con sus clientes llevo m치s de un mes sin poder hacer ninguna transacci칩n, ni pago de servicio, lo 칰nico que te dicen cuando llamas es que desistales la aplicaci칩n, cambies de clave, etc., hasta el d칤a de hoy le dan soluci칩n uno se cansa de esperar por m치s de media hora para que no solucionen su problema, por que mejor no vuelven a la app anterior que era m치s f치cil.",not_applicable
820,"El aplicativo de lo peor..la actualizaci칩n no permite obtener el token..no se puede transferir, pagar, comprar etc. Dos veces he tenido que acercarme a un cajero para activar el token..funciona ese d칤a, al d칤a siguiente deja de funcionar. No dan soluci칩n los BBVA. Ya prob칠 todas las opciones y descarte conexi칩n, equipo, etc. Este problema se ve que tienen muchos usuarios. Parece que la empresa que realiz칩 est치 actualizaci칩n es de un banco de la competencia. Mejor pensar en otra empresa de banco.",authenticity
821,"Nunca tuve problemas con este banco, es m치s lo consideraba uno de los mejores y m치s f치ciles para realizar transacciones, pero desde hace m치s de una semana se me hace imposible realizar transacciones, tiene retenido mi dinero sin poder efectuar pagos que me son urgentes. Al revisar las opiniones veo que esto ya lleva un tiempo fallando y hasta ahora no toman acciones, dando a entender que sus clientes no les importamos. Una l치stima!!",not_applicable
822,"Lamentable s칩lo por necesidad me veo obligado a usar esta app....todos los comentarios la describen perfectamente. YAPE realiza una transferencia casi inmediatamente con s칩lo unos cu치ntos clicks y no es lenta. En cambio la app de BBVA posee un flujo tan complicado para realizar operaciones, demasiados clicks, muy pesada y lenta, que hace que, si se cuelga, el usuario presione un bot칩n equivocado y empeora todo....de verdad que la palabra OBSOLETO, queda corta (por no usar una groser칤a).",not_applicable
823,"La nueva versi칩n de la aplicaci칩n se ve mejor est칠ticamente, pero es poco amigable, dificulta encontrar algunas operaciones. Ser칤a bueno que siga LUKITA dentro de la app. Adem치s, preferiria que de la opci칩n de hacer doble autenticaci칩n del token digital + la huella. Me gustaba m치s cuando al ingresar a la app ten칤as q volver a poner todos tus datos, para que as칤 no quede uno de ellos como predefinido. Quisiera hacer uso de Lukita-Plin pero est치 en modo beta y no me da seguridad de usarlo.",authenticity
824,"Es la peor app de banco que he usado, cambiar칠 mi cuenta sueldo. Es lenta, se cuelga, sale que la cuenta a hacer plin est치 inhabilitada cuando no lo est치, tengo una emergencia y se desactiva solo el token, en realidad es una verdadera porquer칤a, estoy harta, la anterior versi칩n era mejor, en otros comentarios dicen que van a mejorar pero no mejoran nada, mienten encima. Esta app apesta, chau. 0 estrellas",authenticity
825,"칔ltimamente he tenido problemas, primero era igual de factible como yape, con la huella dactilar ingresabas, ahora debes ingresar siempre con tu contrase침a (estando en lugares donde puede ser vulnerable), varias veces me rechaza al ingresar y siempre demora para las transferencias o transacciones o plinear, es lento, ahora quiero ingresar y me aparece error, espere unos minutos y vuelva a ingresar su contrase침a, todo est치 correcto no se por que falla?. Hasta que no arreglen la facilidad de ingre",authenticity
826,"Es realmente dedesperante tener que actualizar la aplicaci칩n casi a diario. Asumo que la app se crea con la finalidad de facilitarnos las cosas, sobre todo en ""emergencias"" o cuando es urgente hacer alguna transacci칩n, pero precisamente en esos momentos no puedes ingresar a la app porque hay una nueva versi칩n. Intentas descargarla pero resulta que ya no tienes espacio, tienes que borrar algunas apps y archivos, y para no perder informaci칩n, debes hacer otras cosas m치s para luego recuperar los datos. Luego de toda esa jarana reci칠n puedes descargarte la dichosa actualizaci칩n. 쯊an dif칤cil es avisar que habr치 una actualizaci칩n?- dentro de 24 hrs, dos d칤as o tres- o dar opci칩n a mantener la misma versi칩n sin forzarnos a actualizar?",not_applicable
827,"Una verdadera desgracia. Llevo m치s de 1 semana intentando hacer una transferencia y no se puede. Primero aparecia un mensaje que dec칤a que lo intente mas tarde. Ahora ni siquiera abre la app!!! Pens칠 que era mi equipo, pero he intentado reiniciandolo e incluso reinstalando la aplicaci칩n y nada! Y por lo que veo en los comentarios es algo generalizado. Una desgracia desde la ultima actualizacion!!!",not_applicable
828,"Cada vez q necesito usar el app, solo se limita a cargar y no responde, pens칠 q era por actualizaci칩n pero ya veo q no. Por favor deben revisar el app y darle mantenimiento xq si tengo una emergencia y no abre entonces para que tenerlos a ustedes como banca.",not_applicable
829,"El anterior app era mucho mejor, esta nueva actualizaci칩n del app es demasiado lenta, tarda en cargar el saldo disponible luego de una transferencia, el color es triste, mucha publicidad, tu nombre queda registrado luego de cerrar sesi칩n lo cual es p칠simo en caso de robo, a cada rato te solicitan activar el token, las operaciones frecuentes ya no muestran las ultimas fechas de pago ni el nombre de los usuarios... Cambienlaaaaaa",authenticity
830,"P칠sima app. Se cuelga constantemente, no permite crear/activar token, mensajes de error, de bloqueo. Ya intent칠 de todo con el equipo (pensando que es un problema del mismo) pero nada. Ni qu칠 decir de la l칤nea central del BBVA(otro desastre). Qu칠 pas칩 que cayeron tanto!? Hagan todas las pruebas necesarias y brinden una soluci칩n a sus clientes.",authenticity
831,Desde hace un mes que actualice la app y no he podido activar mi token porque no me llega el mensaje con el c칩digo de activaci칩n. He tratado de llamarles pero sus opciones de respuesta est치n cerradas a pagos o bloqueos (nada de token). Horrible esta app. Horrible su atenci칩n al cliente. Debo ir entonces a hacer una fila interminable para que me den soluci칩n? ***** Logr칠 activar mi token e hice un par de transferencias pero no me deja hacer otras. En verdad se merecen calificaci칩n negativa.,authenticity
832,"Muy mala aplicaci칩n. Animaciones muy lentas, muy mala experiencia de usuario y encima cuando compartes la constancia de transferencia pone en el mismo tama침o el dinero (que es lo m치s importante) y cosas como el tipo de operaci칩n, la cuenta de origen, comisiones (aunque no haya) el ITF... mucha informaci칩n que solo estorba para un voucher simple. Deber칤an aprender de la app de Interbank, ellos si han logrado una app muy amigable.",non_repudiation
833,"Una perdida de tiempo la App, no es r치pida, sale error a la m칤nima, el procedimiento de activaci칩n de token digital es frustrante al esta estar fallando constantemente y tener que repetir el proceso una y otra vez, las transacciones no se completan y generan confusi칩n aparte que retienen dinero de las cuentas sin motivo aparente, si antes me quejaba que no pod칤a entrar en la App, ahora me quejo del horrible funcionamiento de esta, si es que se le puede llamar ""funcionamiento""",authenticity
834,"Cuando funciona correctamente me gusta mucho la app. El problema es cuando no lo hace y es que eventualmente sucede que por m치s que ingrese el n칰mero y clave correctos, pues, nunca termina de cargar. Tengo que desinstalar la aplicaci칩n o en su defecto borrar los datos de la cach칠 y datos para que me permita ingresar. Es un verdadero fastidio. Espero que se solucione pronto.",authenticity
835,"P칠simo! Como de ser una de las mejores aplicaciones bancarias en sus inicios, paso a ser la peor! Tuve que instalarme nuevamente porque estoy adquiriendo un producto del banco y me piden cuenta sueldo, no puedo usar el plim, porque me indica que no tengo cuenta o tarjeta (tengo dos cuentas de ahorro y una tarjeta por ambas), ya hab칤a habilitado el token digital y de nuevo me volv칤a a decir que no lo ten칤a, ya hice m치s de 4 veces la inscripci칩n y sale error, ni una estrella le pondria. 游땱",authenticity
836,Es la aplicaci칩n con m치s problemas ahora que hago salir caminar hasta el maldito banco a sacar plato porque el maldito token no quiere activarse una vez haber hecho todo lo que piden ni con el internet maa potente del mundo resuelve est치 aplicaci칩n un problema horrible y esto es enserio mejoren la app y el token porque cada vez que lo hago no quiere y es lo mismo de siempre apenas me pagan sale est치 porqueria y media y cuando lo hago devuelta no puede,authenticity
837,"se para colgando, lo uso en un S23 ultra, a menudo pasa que tengo que desinstalar y volver a instalar para que funcione y lo engorroso de volver a activar el toquen y todo, y encima se cuelga cuando uno quiere hacer transferencias o usar el plin por las noches",authenticity
838,"Desde el medio el aplicativo esta fallando y no deja hacer cualquier trasferencia con plin, y hasta ahora sigue con la misma falla, por favor vean cm arreglan esa falla....Gracias",not_applicable
839,"P칠sima. Las 칰ltimas actualizaciones de lo peor. Demora muchos minutos para ingresar. Las anteriores versiones mucho m치s r치pidas. REVISEN LA RAZ칍N DE LAS DEMORAS, NO SE DAN CUENTA QUE TODOS OPINAN LO MISMO? Y para variar, siempre responden lo mismo. Quieren pruebas? Fotos?, Necesitan videos de 5 minutos donde se muestre que no accede. NO RESPONDAN LO MISMO QUE M츼S VERG칖ENZA DA ESO.",not_applicable
840,"La verdad, esta actualizaci칩n me pide la huella digital y luego indica error con la huella digital y cuando pongo la clave ingreso e inmediatamente me env칤a a activar tus operaciones con huella digital y esta opci칩n a pesar de tratar de activar m치s tarde no me permite hacer mis operaciones, ahora trato de activar y me indica que se ha producido un error... Y otra vez y no puedo realizar dep칩sitos... Ya no se que hacer tal vez trasladar mi cuentas a otro banco y todo por la aplicaci칩n",authenticity
841,"Fumcionaba muy bien! Hasta ahora, que dice no hay interner, error, etc. Ahora leo en calificaciones de otros usuarios que pasan lo mismo y piden los datos de la tarjeta, que se envi칠 a una direcci칩n electr칩nica del banco, como saber si no han sido hackeados? Y la mayor칤a por querer solucionar ese problema env칤en informaci칩n confidencial.",confidentiality
842,"No deber칤a quedarse la informaci칩n del usuario en el inicio de la aplicaci칩n, es m치s f치cil que te roben. O deber칤a ser opcional si uno quiere que se quede o no. Si quiero que se borre hay que forzar cierre de la aplicaci칩n y luego para usarlo tengo que volver a activar token... Adem치s aparece mucha publicidad entre la informaci칩n (del mismo banco pero igual molesta) y por m치s que se quite quiere aparecer. Y si no quieres una opci칩n la niegas y luego otra vez te aparece cuando ya dijiste que no.",confidentiality
843,"La peor experiencia de banca por app que he tenido jam치s, genuinamente nunca he visto un app tan mal hecha, lenta, poco intuitiva y mal organizada. Prefer칤 pasar mi cuenta sueldo a Interbank y esperar un d칤a m치s a que me depositen a seguir usando esta app. Asumo que la hizo un practicante encerrado en un s칩tano al que le pagan en sobras de comida, porque no puedo creer que un equipo de profesionales con experiencia realmente produjo un app tan terrible.",not_applicable
844,"(Respondiendo al programador) Mi problema es con el pago a Movistar. Antes la app del banco ofrec칤a la opci칩n tel칠fono fijo, tr칤os, m칩viles, etc. Entonces yo a침ad칤a mi n칰mero de tel칠fono y hac칤a el pago. Ahira solo aparece la casilla ""movistar"" y no consigna el n칰mero de tel칠fono ni c칩digo de cliente, solo dice que no hay pago pendiente. Felizmente a칰n se puede hacer por la web. Por otro lado, la app es lenta incluso en tel칠fonos de alta gama. Se cuelga 1 de 3 veces. Tiene que mejorar mucho.",not_applicable
845,"P칠sima actualizaci칩n, menos pr치ctica, mejor era decidir la operaci칩n realizarla y elegir luego la cuenta. Dejo de ser pr치ctico. Esta app est치 m치s orientada a la publicidad que a la comodidad del cliente. P칠sima actualizaci칩n. Ni siquiera merece una estrella. Los clientes no necesitamos plataformas estlizadas ni bonitos dise침os, necesitamos que la app sea de f치cil utilizaci칩n no enviarnos por mil caminos . Pero como sucede siempre, no creo que le hagan caso al cliente.",not_applicable
846,"La actual versi칩n est치 incompleta.... Menos no es m치s en este caso. Para complementar el enunciado: 1. La APP no tiene acceso directo a los sistemas de pago repido como lukita y plin (que paso se pelearon?) 2. No hay forma de revisar la cantidad de Puntos Vida acumulados que tanto trabajo se toman en promocionar. 3. No permite hacer adelanto de cuotas en prestamos a diferencia de la versi칩n en una PC. 4. Los iconos son mas subjetivos de lo necesario, hay q esperar que salga un mensaje de texto para poder identificar para que son. Considerando que ya se estaba familiarizado con el sistema anterior. La nueva APP si quiere innovar en dise침o, tiene que poder migrar los iconos que ya han sido aprendidos y cambiarlos de manera escalada. Recuerden que esta es una herramienta, no un adorno en el celular. Coincido con los usuarios, la versi칩n anterior era superior aunque no fuera muy est칠tica.",not_applicable
847,"muy mala ,p칠sima horrible , para que crean una app que no va a funcionar . nunca quer칤a recargar mi celular y nunca funcion칩 incluso casi se bloquea que aplicaci칩n tan fea no la usen no la descarguen y el plin nunca funcion칩",not_applicable
848,"No se puede activar el Token digital, cuando se activa la c치mara para selfie y toma de fotos para el dni, arroja error y la App se cierra autom치ticamente.",authenticity
849,Para pagar los servicios tienes que intentar varias veces porque falla. Y cada actualizaci칩n funciona m치s lento.,not_applicable
850,"P칠sima, se reinicia demasiado, no me deja saber cual es mi CVV aunque reinicie o ponga la clave, no me deja hacer compras en l칤nea o operaciones en conclusi칩n tiene demasiadas fallas, p칠simo.",authenticity
851,"Una porquer칤a la actualizaci칩n, antes pod칤a activar mi token con nfc y ahora lo quitaron, ahora hasta hace poco me funcionaba activar token con DNI y ahora me sale error y tengo que iniciar sesi칩n de nuevo y nunca se activa el token.",authenticity
852,desde ayer estoy intentando entrar y se me queda en estableciendo conexi칩n. Ya no es la primera que pasa y cada d칤a falla m치s la aplicaci칩n y soluciones no dan.,not_applicable
853,estoy teniendo bastantes problemas con la app BBVA ya que la banca dice que los fondos mutuos los retiros se realizan por ah칤 m치s no me sale esa opci칩n y ya tengo habilitado el token digital esto est치 siendo muy tedioso para m칤,not_applicable
854,"cuando rayos es que van a arreglar que se para cerrando la aplicaci칩n cada vez que entro a contactos para realizar un plan, que mal, que estresante. yo no s칠 que actualizan y no solucionan nada",not_applicable
855,"El App no se puede ingresar, estoy 2 d칤as en lo mismo, reinicie mi celular, sali de aplicativo y volv칤 a instalarlo, ingrese y despu칠s quiero volver a ingresar y ya no me permite.",not_applicable
856,"La 칰ltima actualizaci칩n es p칠sima, quiero hacer un plin a uno de mis contactos y me env칤a a seleccionar mis archivos almacenados.",not_applicable
857,"No puedo ingresar a la aplicaci칩n por m치s de 3 horas , luego me deja entrar me salgo y cuando quiero volver a kngresar para hacer otra operaci칩n otra vez no puedo ingresar .. que mala experiencia",not_applicable
858,"Cuando quiero transferir dinero a otra persona por yape se demora y no se hace ninguna transferencia, solo se queda en qu칠 est치 cargando y nada, no se transfiere.",not_applicable
859,"Mucha anuncios de publicidad. Yo entro al app para gestionar mis cuentas, no me interesan sus ofertas. eso complica la visibilidad. Contraten un Ux designer o despidan al que tienen!",not_applicable
860,"son unos descarados para cobrar 10 soles al mes, tarjeta in칰til que solo sirve para dar lag, nunca carga y siempre sale ""sucedi칩 un error"" sino fuera porque tengo ahorros lo eliminar칤a pero ya acaba el tiempo y ver치n ... bbva nunca m치s",not_applicable
861,"La verdad es que me puse en este banco porque suele tener menos problemas que otros en cuanto a seguridad. Pero de verdad se pasan, al querer activar mi tocken digital me dice que todo ta bien pero al momento de esperar los segundos me aparece un mensaje de error. Y ya son varias las veces que he intentado activar mi tocken, esto es incre칤ble. Estoy frustrado y decepsionado, en cuanto saque mi dinero me ir칠 a otro banco, pesimo servicio de esta App",authenticity
862,no s칠 puede ingresar a esta app por m치s que ya tiene el QR scaneado . nunca se puede entrar a nada descargu칠 la app. y por m치s que me pide mil veces mi contrase침a nunca ingresa nunca se abre est치 app. no la puedo usar desde que abr칤 mi cuenta .,authenticity
863,"es una app lenta, tediosa a m치s no poder, acaso no leen los comentarios, lo primero que aparecen son las ofertas por encima de mis cuentas, 游녩游녩游녩",not_applicable
864,"Es muy lamentable que a칰n contin칰e una app que presenta errores y es s칰per lenta. Y que cada vez, te pida activar tu token digital se congele y no te deje continuar. Muy lamentable, soy un cliente disconforme con un servicio p칠simo. E incluso en el banco ped칤 asesor칤a y nunca me apoyaron, de calificaci칩n les pondr칤a cero pero no hay.",authenticity
865,"Recargar Metropolitano desde Plin??? Para qu칠 ponen esa opci칩n si de todas maneras me obligan a ir a una estaci칩n para validar mi recarga? hace falta ser idiotas para que se les haya ocurrido eso, mejor recargo en la misma estaci칩n o en Tambo. Ahora ya gast칠 y no puedo usar el corredor, me van a devolver el dinero???",not_applicable
866,"Nunca pude ingresar a la aplicaci칩n siendo mi primera cuenta en este banco. Supongo que he de darle de baja porque llevo meses esperando que me den soluci칩n, pero nada.",not_applicable
867,"Hace dos meses cambie de tarjeta ahora no puedo hacer ning칰n pago por esta app me pide la clave de seguridad y se reinicia , no me pide ninguna actualizaci칩n.",authenticity
868,"El aplicativo es horrible. No deja pagar servicios, no deja activar el token, el monto de los servicios no est치 actualizado al querer pagar. Es una estafa este aplicativo.",authenticity
869,"Esta 칰ltima actualizaci칩n es una desgracia. Se cuelga para hacer pagos o transferencias 游 tal vez m치s cosas pero hablo de lo que yo m치s uso . La anterior versi칩n no hab칤a ning칰n problema. Cuando solucionaran su app. Y sino lo pueden hacer, regresen a la versi칩n anterior 游. Porque reniego m치s de lo que puedo hacer en esta aplicaci칩n . Al final uno tiene que ir a depositar. De nada sirve su app. Si sigue as칤 muchos vamos a querer cambiar de banco 游땰",not_applicable
870,"En lugar de evolucionar, han involucionado. En general la aplicaci칩n es bastante complicada y lenta, tarda demasiado en pasar de una secci칩n a otra, no resulta tan intuitiva como antes, para usar lukita o plim, obliga a usar una aplicaci칩n nueva, algo que no pasaba con la versi칩n anterior. Inclusive hacer transferencias, pagos, retiro m칩vil, es muy engorroso. A ver si solucionan esto o regresen a la versi칩n anterior, cuya funcionalidad era la mejor de todas las aplicaciones de bancos que he usado hasta el momento.",not_applicable
871,"Es un app LEEEENTA, que te repregunta continuamente para confirmar cada gesti칩n que realizas. CON MUCHAS FALLAS de error sobre todo en la noche cuando quieres hacer recargas o pago de servicios. Ni se diga del PLIN, llevo meses tratando de configurarlo y la app se queda cargando y no deja asignar la cuenta ni el numero correspondiente. Cualquier otra app de banco la supera, para mi tiene cero estrellas.",not_applicable
872,"Esta app est치 p칠sima, desde que actualizaron esta app no puedo hacer absolutamente ninguna operaci칩n. Ni siquiera me permite configurar el token, sale error y la pantalla se queda colgada, no puedo usar lukita, no puedo hacer transferencias, se demora en iniciar y en resumen repito, no se puede hacer nada, la versi칩n anterior era mucho mejor, m치s entendible y r치pida para todas las transacciones, en realidad estoy muy incomoda con esta app y no es la primera vez que tengo alguna queja con el bco.",authenticity
873,"Es incre칤ble otra actualizaci칩n!! por favor tengan un mejor control en su sistema, si van a hacer una actualizaci칩n mejoren varias cosas a la vez para que no esten haciendo peque침as mejoras cada vez, espero que esta vez hayan solucionado los problemas del c칩digo de confirmaci칩n que cada vez demora m치s en llegar. Hasta tengo que realizar varias veces la operaci칩n para que llegue el primero, hasta cuando!!",authenticity
874,"Realmente catastr칩fico. Prefiero la aplicaci칩n anterior. Estoy viviendo en el extranjero y no puedo enviar efectivo movil como antes. Me sale error. Antes se veia el token digital autom치tico en cada operaci칩n. Ahora con el nuevo aplicativo, s칩lo sale error. He llamado al Servicio al cliente y prometieron resolverlo en 24 horas, va una semana y nada. Nunca he tenido clave sms por vivir fuera y SIEMPRE he podido hacer mis diferentes operaciones bancarias sin problema hasta esta nueva aplicaci칩n.",authenticity
875,Es una l치stima llevo muchos a침os usando el aplicativo BBVA y esta es la peor versi칩n que he podido ver. Simplemente no funciona. Intento prender y apagar tarjeta y no puedo. No puedo hacer transferencias. Me instale y desintale la aplicacion y 3 veces y persiste el problema. Antes era una ayuda visual los colores para diferenciar ingesos y egresos. Se tenia la opcion de hacer estadisticas de gastos. Veo que todo el mundo descalifica esta actualizacion y bbva. No toma acci칩n. Que l치stima,not_applicable
876,"La APP no es muy pr치ctica, no puedo usarla hace buen tiempo, la instale como 5 veces y sigue en funcionamiento defectuoso, no me permite hacer ning칰n proceso de pago y transferencia, porque despu칠s de todo me aparece el lind칤simo mensaje se a producido un error, solo la uso para ver mi saldo que es lo 칰nico para lo que me sirve. Mil veces la anterior app, a la cual le hac칤a propaganda, por lo 칰til que era... BBVA que estresante tu APP.",not_applicable
877,"Instale la 칰ltima versi칩n 8.14, ya ten칤a problemas con la 8.13 y el aplicativo sigue reiniciando mi equipo. Le di todos los permisos, borre otras aplicaciones y nada. Tiene alg칰n requisito m칤nimo de equipo. Porque les fue fatal con est치s actualizaciones. La versi칩n anterior era ligera, 치gil y muy amigable. Esta versi칩n se volvi칩 pesada y lenta.",not_applicable
878,"Comparto las opiniones anteriores. Es lento para cargar. No figura los movimientos, compras del dia y eso no puede ser. Como yo puedo verificar mis compras o movimientos sino figura en ""ultimos movimientos"". Yo me pregunto, acaso no se dan cuenta los que crean o administran la aplicacion que esta pesima la actualizacion????. Se nota que no les importa, deben chequear, verificar y probar que todo funcione bien antes de lanzar la actualizacion. Al final los perjudicados somos los usuarios.",accountability
879,"La peor actualizaci칩n, cada vez que entro a la app me ped칤a generar un nuevo token. Ahora mismo no puedo recibir mensajes porque estoy navegando, el c칩digo deber칤an enviarlo por wazzap, no por mensaje. Por esta raz칩n no puedo hacer ningun movimiento, lo 칰nico que me salvaba era la tarjeta de coordenadas, pero, hasta eso eliminaron, 춰ARREGLEN ESTO PRONTO!",authenticity
880,"La aplicaci칩n anterior me parec칤a mas segura, pod칤as pagar la opci칩n de comprar por Internet, sin necesidad de pagar tu tarjeta por completo. Esa que con un bot칩n la prendes y apagas no es nada seguro, para los robos que ahora se hacen por Internet, p칠sima la aplicaci칩n en seguridad con sus clientes. La aplicaci칩n anterior era m치s confiable y m치s r치pida.",resistance
881,"La app est치 p칠sima, es muy lenta se demora una eternidad en entrar y ahora tengo problemas con plin porque me sale un mensaje de error como si no llegara pero luego se descuenta autom치ticamente y resulta que si llego el plin pero no me sale el mensaje de confirmaci칩n solo de error. Est치 p칠simo porque he plineado m치s de 3 veces y todos llegan pero en el momento sale que no y me perjudica.",non_repudiation
882,"La app es buena, pero falta colocar m치s opciones para poder realizar pagos a empresas. Ahora no se puede realizar compras por internet porque cuando habilitas (encender) tu cuenta, a la hora que cambias de p치gina se deshabilita (apaga) y no hay una opci칩n para mantenerla activada hasta que puedas realizar tu compra al menos.",resistance
883,"29/05/21 Deben quitar el SOS cliente pues demoran tanto en la atenci칩n que se cierra sola la aplicaci칩n por no tener actividad ""de cuentas"", pero es porque estoy chateando con 1 asesor. Voy intentando 3 veces la comunicaci칩n y la app se cierra, dejando a medias mis consultas. Por favor, no deber칤an solicitar esa informaci칩n, eso es trabajo de su 치rea de testing. Ingresen a una sesi칩n y charle con alguien en SOS hasta que la aplicaci칩n se desloguee. 09/06/22 Ha pasado m치s de 1 a침o y sigue igual",not_applicable
884,"Cuando van a solucionar el problema de la app? Desde inicios de diciembre, no me dej칩 ingresar m치s, simplemente se queda en la pantalla azul junto al logotipo, al enviar un correo a soporte dijeron que resolver칤an pronto el problema y la otra semana ya se cumple un mes y hasta ahora nada, no puedo hacer operaciones nisiquiera por banca por internet porque ni al token puedo acceder. En verdad no s칠 para qu칠 actualizaron la app si ha muchos clientes nos perjudicaron.",authenticity
885,"Lamentablemente trabajan con nuestro dinero y sus pol칤ticas impiden facilitarnos lo que es de nosotros, he tenido inconvenientes con la app al presentar los casos se demoran mas de los debido y en uno de ellos no supieron responderme,lastimosamente uno trabaja y a veces no puede andar pendiente a todo y por no responder la llamada(01 vez) dejaron el caso en nada. De verdad qued칠 incomodo e insatisfecho que ya estoy por cambiar mi cuenta sueldo a otra entidad y cancelar la tarjeta que tengo.",not_applicable
886,Es urgente que agreguen un bot칩n para el modo discreto ya que el gesto de mano y la camara no funcionan bien.,confidentiality
887,"P칄SIMO. Es una aplicaci칩n confusa y muy complicada de usar. Es muy lenta, no cargan los datos de las operaciones y no puedo acceder a ver detalles. Para variar, uso Plin confiando en que el dinero llegar치 inmediatamente, pero han pasado m치s de 24 horas y no llega. La anterior versi칩n era m치s sencilla, pero r치pida y totalmente efectiva. La experiencia de uso es totalmente negativa con esta versi칩n.",not_applicable
888,"Esta versi칩n es terriblemente mala, tengo 25 d칤as sin poder acceder a PLin, al llegar al lector de huella digital. Se cuelga Y se reinicia. Y ahora ni siquiera puedo acceder al toquen digital. He escrito a soporte digital cuatro veces Y responden que contin칰an con problemas. Y no me solucionan nada. Actualicen la app Para poder ser usada .",authenticity
889,"Desde ayer estoy intentando realizar una transferencia en mis operaciones frecuentes y no me permite, me indica saldo insuficiente, es una locura tengo el saldo para realizar la trasferencia pero no me permite hacerlo y se congela al querer salir no me permite dar atr치s. Tengo que abandonar la aplicaci칩n y entrar nuevamente. Nunca hab칤a pasado este problema no s칠 si ser치 la actualizaci칩n pero est치 fatal en estos momento. SOLUCIONES !!!!!!!",not_applicable
890,"Llevo tiempo desde que descargue la app y es un problema, se supone que debe hacer mas f치cil las operaciones, sin embargo, cuando se quiere hacer cualquier operaciones con QR es imposible, no carga la c치mara para reconocer un c칩digo QR, no muestra mi c칩digo QR y ni siquiera puede cargar o escanear un QR desde mi galer칤a. Y a cada momento se va el sistema o se cuelga, se pone como que estuviera cargando mucho tiempo sin ninguna respuesta al final.",authenticity
891,"P칄SIMO servicio, no puedo relizar ningun tipo de operaci칩n, ni transferencias de cta a cta ni del propio banco, ni siquiera una recarga de saldo; he probado todos los modos posibles (instalando y reinstalando) sin soluci칩n y LO PEOR es que cuando quiero llamar a su 칰nico n칰mero de consultas, no hay ning칰n anexo para servicio t칠cnico y te contestan puro bots. En estos tiempos de banca digital, esta situaci칩n perjudica demasiado, migrar칠 a otro banco, totalmente decepcionado.",not_applicable
892,"Tengo la app desde hace casi 2 meses por apertura de cuenta sueldo, es la primera vez que uso BBVA y la verdad deja mucho que deseas, para ya-plinear por n칰mero o QR, es demasiado lenta, tarda mucho en cargar, y lo peor que mas del 70% de veces que deseo realizar estas operaciones me sale un mensaje de alerta que ocurri칩 un error y no de pudo completar, que lo intente m치s tarde,la verdad que genera malestar y molestia, ya que no puedo pagar, y si no tuviera efectivo, simplemente no puedo pagar.",not_applicable
893,"B. Tardes, realmente la nueva aplicaci칩n no es din치mica, cuando paso de una opci칩n a otra se congela la pantalla y me bota, quiero entrar en la. Noche para hacer pagos y no se puede ingresar. La versi칩n anterior era much칤simo mejor, largamente.. Si quieren mejorar algo verifiquen q realmente lo haga, Xq para estar corrigiendo errores en el camino solo consiguen q el usuario se fastidie y critique un trabajo q en vez de ayudar entorpece.",not_applicable
894,"Con la 칰ltima actualizaci칩n, est치 p칠sima es una pena. La versi칩n anterior era mucho mejor, m치s pr치ctica, m치s intuitiva y m치s f치cil. Es uno de los bancos que me agradan pero con la aplicaci칩n que tienen actualmente, todo es m치s complicado me obliga a usar la web , tengan cuidado con 칠so, s칩lo me provoca que ya no us칠 nada del BBVA.",not_applicable
895,"P칠sima actualizaci칩n, el lugar de hacerlo m치s pr치ctico ahora es m치s complicado de manejar. Deben considerar que tambi칠n tienen clientes que son personas mayores, a quienes se les dificulta a칰n m치s la manipulaci칩n. Ahora hay un mont칩n de publicidad de nuevos productos y causa mucha confusi칩n. Se supone que la app deber칤a facilitarnos las operaciones, pero por el contrario est치 칰ltima actualizaci칩n dificulta todo. Aparte no encuentro Lukita por ning칰n lado.",not_applicable
896,"Aplicaci칩n muy poco funcional, no se puede realizar los pagos de la tarjeta por la aplicaci칩n se queda cargando y al final no se puede ingresar informaci칩n, obligan a ir a un banco a realizar el pago de tu tarjeta, pese a que este servicio me indicaron que estar칤a disponible como con otras tarjetas, de no solucionarse cancelare la tarjeta y punto.",not_applicable
897,"Hace una semana me cree una cuenta a sueldo , al ir presencialmente a las oficinas que se encuentra ubicada en Habich, pude acceder a la app. Sin embargo al intentar acceder a la app d칤as despu칠s , me figura un error , me acerque nuevamente est치 semana a ver el porque no se me permite ingresar. Me dicen que es un error global que est치n teniendo , que no saben cu치ndo lo podr치n resolver. Dicho error no se me fue notificado por ning칰n medio. No puedo realizar transacciones.",not_applicable
898,"No me gusta esta nueva versi칩n. Quise configurar mi huella digital s칩lo para confirmar el pago y no pude, te obliga a configurarla para entrar y para pagar. Cuando entras hay muchas pesta침as que distraen. Al pagar alg칰n servicio, ahora tienes que poner el nombre y buscar. Hasta para salir de la aplicaci칩n hay que entrar a otra ventana. Realmente est치 nueva App s칩lo hace perder el tiempo, en vez facilitar las cosas al cliente se la complica m치s.",authenticity
899,"P칠sima aplicaci칩n, dificultad para leer el QR de la tarjeta, un calvario para poder hacer el pago de la tarjeta, carga y carga y nunca se visualiza nada, llevo dias intentando, he llamado pero hasta el momento no me resuelven el problema, unica opci칩n volver ir hasta el banco y hacer el pago del SD de 0.38centimos. Cuando se supone que estos aplicativos estan para facilitar este tipo de procesos. Es un dolor de cabeza no lo recomiendo",authenticity
900,"Con todo el respeto del mundo, 쯇or qu칠 son as칤? Ya me hab칤a vuelto la versi칩n anterior, ahora con la actualizaci칩n vuelve la aplicaci칩n con los fallos, se침ores no es efectiva el Software que est치n utilizando, usar칠 la banca por Internet. Ahora si la desintalo, muchas gracias. Si llegan a 2 estrellas google elimina el app de la tienda.",not_applicable
