id,comentario
2001,"Al principio tuve problemas al sacar mi token digital, e intent√© comunicarme por su canal de atenci√≥n al cliente, y me doy la sorpresa que es un bot. Lo cual para este tipo de casose fue ineficaz, luego yo mismo tuve que solucionar el problema, pero en si la app est√° 8/10 si no fuera por que algunas veces se traba la app"
2002,"Esta nueva App.. es una tremenda porqueria. No me deja ni acceder para nada a mi cuenta, siempre me sale "" Compruebe su conexion a Wifi o Acceso de Datos"" no pueden regresar la antigua App que era mucho mejor q la porqueria de ahora. üò© La anterior me iba de maravilla, encima me piden actualizarla para ir mejor supuestamente pero esta de Peor."
2003,"No s√© si otros tengan el mismo problema, pero cuando quiero hacer una transferencia me sale un error sobre la fecha y hora, antes tenia un equipo de gama baja, as√≠ que pens√© que era por eso, ahora que tengo uno de buena gama tampoco me deja hacerlo, es una molestia, no sirve para nada m√°s que para consultas."
2004,"Desde que cambiaron de interfaz sale frecuentemente mensajes de error o falla y no puedo concretar transacciones a tiempo. Adem√°s mi token est√° inactivo y tengo que volver a ir a agencia para activarlo porque si no, no puedo usar la banca por Internet aunque por el aplicativo si puedo hacer transferencias. No entiendo por qu√©."
2005,Llevo mas de cien veces intentando actualizar el app por que no me permite ingresar. Diciendo actualice . . Pero no sirve acualizar se queda cargando . . .BCP movil. . .lo peor. Hasta ahora. A este paso optare por cambiarme. A otro banco . . .como la mayoria de usuarios bienen haciendolo .
2006,"P√©simo esta nueva actualizaci√≥n, la versi√≥n antigua estaba mejor.. desde que la actualice todo esta p√©simo.. no s√© puede abrir a cada rato sale error para conectarse, int√©ntelo m√°s tarde.. es lo peor esta nueva versi√≥n.. llebo una semana con este problema ya da c√≥lera.. ü§¨"
2007,"Actualmente no puedo acceder a mi cuenta... deben mejorar la opci√≥n de verificaci√≥n (env√≠o de SMS y eso). La √∫ltima actualizaci√≥n me impide registrar mi tarjeta, tiene fallos. Ni en mi iPhone pude. Llam√© y me dicen que es un ERROR MASIVO. Que p√©sima app."
2008,"20-02-24: Nuevamente luego de actualizar la app se vuelve inservible. Porquer√≠a de aplicaci√≥n, ahora debo buscar otro celular donde poder instalarlo. Llevo m√°s de 2 d√≠as sin poder abrir la aplicaci√≥n a pesar de volver a instalarla desde otros equipos m√≥viles tambi√©n. Antes de hacer estos experimentos con los moviles de sus clientes instalenlos al menos en las de sus propios gerentes o jefes de sus distintas unidades de negocio para q vean lo lindo q es perder el tiempo en este tipo de cosas."
2009,"P√©simo, despu√©s de muchos intentos porfin pude entrar, pero se elimina el token. Estas fechas en que uno no puede salir de casa lo mandan a uno a ir a sus agencias. La actualizacion es mas insegura que antes. Si tenian algo decente hecho porque malograr asi todo?."
2010,"Tengo inconvenientes con el token no s√© si es por la actualizaci√≥n, pero creo que tendr√≠an que verificarlo y eso de ir nuevamente al Banco y hacer largas colas es Exponernos Espero que se solucione y no afecte a m√°s usuarios que tambi√©n llegan a utilizar este portal para sus pagos que suelen realizar de manera pr√°ctica"
2011,"Creo que a la mayor√≠a de nosotros los usuarios quienes usamos esta app no estamos del todo conformes con las constantes actualizaciones, la verdad es que cada vez m√°s y m√°s es un problema poder validar un c√≥digo o ingresar a alguna opci√≥n sin problemas. 1 estrella."
2012,"P√©sima. Cada vez que voy a ingresar me parece el sms de que ha habido un error y tengo que esperar, es un milagro ingresar sin alg√∫n problema. La otra es que si ingresas luego no te cargando los saldos,favoritos o para hacer transferencias. Est√° p√©sima esta actualizaci√≥n de verdad"
2013,"Una basura de aplicaci√≥n, ahora s√≠ o s√≠ te exigen tener esta app para usar correctamente la tarjeta y no funciona, hasta ahora no puedo entrar y ya voy m√°s de una semana intentando y sigue saliendo error, llam√©, segu√≠ todos los pasos y sigue saliendo error, intent√© de todo, lo √∫nico que queda es acercarse al banco y ponerse en peligro por la pandemia, est√° aplicaci√≥n es mal√≠sima Hasta el d√≠a de hoy no me deja ingresar, dice que ocurri√≥ un problema y listo, optimizen su aplicaci√≥n basura"
2014,"Tengo que hacer algunos pagos y la aplicaci√≥n no abre, ni siquiera desinstalando. Si es que la actualizaci√≥n no sirve, no deber√≠a ser obligatorio actualizarla. La anterior versi√≥n era funcional a diferencia de esta. Deber√≠an arreglar bien la aplicaci√≥n si es que quieren que sigamos actualizando esta aplicaci√≥n üôÑ"
2015,"Desde mi punto vista el BBVA es mucho mejor por casa vez que actualizo su app te mando el c√≥digo diferido y te dan un 2 minutos para que pongas el c√≥digo, y tbn te la opci√≥n de usar la huella dactilar para pueda iniciar sesi√≥n cuando vuelves a instalar el app puedes tu mismo activar el token desde a dentro del app si brindar√°n esa esa facilidad seria magnifico Tbn me permite hacer tranferencia bancaria brindandome seguridad... y no me cobra comisi√≥n al hacer la tranferencia"
2016,"Antes de la actualizaci√≥n que le hicieron a la app funcionaba de manera correcta y con pocos problemas, pero ahora hay problemas casi diariamente no s√© si est√°n tratando de mejorar o empeorar la aplicaci√≥n, a menos que optimicen de mejor manera la app no cambiar√© mi rese√±a"
2017,"10 de diciembre 2023, Tienen que arreglar esta app, actualmente esta drenando bater√≠a en segundo plano, me puse a revisar en administraci√≥n de uso de apps en bater√≠a, y veo que esta App esta usando recursos e incluso calentando el celular por ratos. Por el momento tendr√© que ponerlo en suspensi√≥n profunda y forzar detenci√≥n para que no perjudique a la bateria"
2018,"La APP funcionaba bastante bien, pero ahora no he podido abrirla porque pide actualizaci√≥n, la cual no pude realizar. La desinstal√© y ya no me permite volverla a instalar, sale error. P√©sima actualizaci√≥n. ¬øCu√°l es la idea de malograr lo que funcionaba bien?"
2019,"Deber√≠an invertir m√°s en la aplicaci√≥n porque es un asco, cada vez va de mal en peor. Si pudiera ponerle 0 estrellas lo har√≠a. El Banco de Cr√©dito es un banco de confianza y muy buen servicio, quiero dejar en claro que mi comentario no es para la entidad financiera sino espec√≠ficamente para al banca m√≥vil."
2020,"Muy mala, ahora que mas se necesita, no funciona hace mas de 15 d√≠as quiero transferir dinero y no me permite, que p√©sima app cada vez que ingreso esta peor ahora es un problema ingresar no reconoce los c√≥digos, no los env√≠an r√°pido, demoran media hora, o m√°s, quiero pagar servicios y no se puede en pocas palabras, p√©simaüòï"
2021,"Esta aplicaci√≥n no sirve. Me ped√≠a actualizar, pero cuando le daba la opci√≥n para hacerlo dec√≠a error, y no me permit√≠a abrir la aplicaci√≥n si no actualizaba. La desinstal√© para volverla a instalar, porque eso me recomendaba la play store, pero ahora ya no puedo instalarla, ya estoy m√°s de una semana sin poder transferir porque me pide el token. Si no van a servir sus actualizaciones no deber√≠an actualizar."
2022,"P√âSIMA ACTUALIZACI√ìN QUE HAN HECHO AHORA √öLTIMO!! No me permite hacer pagos porque seg√∫n el app necesito NFC para poder realizar operaciones, antes de esta actualizaci√≥n utilizaba sin problema, hacia recargas, pagos, transferencias sin problema...... VUELVAN LA APP DE ANTES!"
2023,"Hay que denunciar esto, porque esta afectando gravemente a sus usuarios. No puedo registrar mi tarjeta luego de esta actualizaci√≥n, dice que los datos est√°n incorrectos, sin poder ver mi dinero, sin poder transferir, sin poder hacer nada y llamas al banco y de excusa te dicen que tus datos est√°n bien, que es el tel√©fono que no tiene actualizado el software o que tu pc no est√° configurado el antivirus porque ni a la banca por internet puedes entrar."
2024,Tengo un problema con al app no se si se debe a las nuevas actualizaciones o que porque ingreso a la aplicaci√≥n y se cierra Lo peor de todo es que cada vez que hay actualizaciones tienes que actualizar de manera obligatoria o sino no te dejan ingresar a la app Porfavor deseo cuanto antes una soluci√≥n üôè üôå
2025,"Estaba muy bien hasta su anterior dise√±o, ahora, con este dise√±o esta viniendo varios errores, no deja hacer operaciones, solo sirve para ver saldo y nada mas, y eso, que varios intentos hay que hacer para poder entrar a la aplicaci√≥n, p√©sima, ojala puedan regresarla a como estaba"
2026,"Acabo de actualizar la app y no funciona en si ni abre la app, pens√© que era mi cel pero no, he incluso lo he desistalado y lo he instalado y nada, hasta lo instal√© en la tablet y nada no funciona y lo peor que lo ten√≠a afiliado con el yape y me acaban de depositar y no aparece ning√∫n monto...Por favor arreglen la app"
2027,"Hola!! he instalado la app en nuevo dispositivo, pero al momento de querer iniciar sesi√≥n el c√≥digo de validaci√≥n demora en llegar a mi correo entre 4 a 20 horas, la cual cuando ingreso ya no es valida, lo mismo le pasa a mi colega de trabajo, sugiero que arreglen ese problema lo mas pronto posible."
2028,"Deber√≠a ponerlo 0 estrellas a esta app. Con la nueva versi√≥n ya aparece la opci√≥n de biometr√≠a pero resulta que en mi Huawei P30 Pro no funciona, siendo un dispositivo de gama alta. El famoso TOKEN DIGITAL que de digital solo el nombre, reinstal√© mi app y ahora me pide activarlo de nuevo, siendo el mismo celular, voy al banco y me doy con la sorpresa que me pide mi tarjeta f√≠sica para activar algo que deber√≠a ser digital. Una verdadera perdida de tiempo"
2029,"Cambiar lo √∫til por que se vea bonito me parece la peor estupidez realizada por el.Bcp, la anterior versi√≥n iba mejor, esta nueva versi√≥n simplemente no sirve para nada, te pide 10 veces la clave para ingresar y si ingresas se vuelve a quedar colgada y si llamas a la banca por tel√©fono lo √∫nico que te dicen es apague y encienda su tel√©fono se√±or para que la aplicaci√≥n se instale bien..."
2030,Hace 2 semanas que actualice la aplicaci√≥n. Ahora me piden de nuevo que la actualice. Es demasiado tedioso que a cada rato pidan la actualizaci√≥n. P√©sima aplicacion. Prefiero BBVA Continental en Per√∫ que es m√°s segura en todo sentido. Hasta el Plin es m√°s r√°pido y seguro.
2031,P√©sima la nueva actualizaci√≥n!! Ya ni puedo hacer ninguna transacci√≥n porque supuestamente no tengo el token vinculado a mi celular. No es posible que en esta situaci√≥n que estamos pasando los que optamos por pagar desde su aplicativo por no salir de casa tengamos estos inconvenientes.
2032,"Me parece una falta de respeto que un banco tan reconocido presente este tipo de plataforma digital que tienen mucho errores, la aplicaci√≥n no funciona correctamente, para poder ingresar a los estados de cuenta debo eliminar y instalar la aplicaci√≥n varias veces, para poder as√≠ acceder"
2033,"Que terrible la nueva actualizacion de la app, no carga la p√°gina y sale un mensaje q ocurri√≥ un problema q lo vuelva a intentar o sale que estan trabajando para mejorar. No entiendo xk realizan cambios si no va ha funcionar como uno desea es frustrante querer hacer operaciones y no poder realizar las x los problemas q presenta....!! ü§®ü§®"
2034,"Si van hacer una nueva aplicaci√≥n por seguridad tienen que tener organizaci√≥n con el creador de sistema. BCP!! P√≥nganse las pilas porfavor.Queremos soluci√≥n!! üôÑüòíporfavor. hasta el d√≠a de hoy no puedo ingresar a la aplicaci√≥n . La aplicaci√≥n anterior era mejor , no hab√≠a problemas ."
2035,"Muy mal aplicativo definitivamente, el peor que otros bancos , ni siquiera cuenta con huella dactilar , si lo tienes asociado en yape y el aplicativo del bcp no funciona , tampoco el yape , deber√≠an mejorar , otros bancos con menos trayectoria que este tienen mejor su aplicativo."
2036,Disculpen pero esta actualizaci√≥n solo marea y cuando uno encuentra la opci√≥n solo dice que hay problemas con el sistema lo cual me parece que crea una molestia de parte del usuario que cuenta con estas aplicaciones que para uso diario o de emergencia que para eso
2037,"Debido a la √∫ltima actualizaci√≥n nobse pueden hacer transferencias ni pagos a diversas entidades, sale el error: ME-4101. Porfavor soluciinenlo, ya que nosotros ya estamos acostumbrados a movernos desde la app y ahora debido a la coyuntura es m√°s indispensable que nunca."
2038,"El darle 1 estrella es mucho premio. Nunca funciona, q error, que no eres tu somos nosotros. A ese q tuvo la genial idea de actualizar la app deben votarlo. Antes era maravillosa. Hasta q actualizaron y malograron todo. Algo tan f√°cil como ver mi saldo de mi cuenta no lo puedo hacer x q sale error. Error, error. Debe llamarse: banca error bcp. Nefasta la app"
2039,"Mi token digital fue borrado por actualizar la app y ahora me piden que vaya al banco a activarlo, tocar la pantalla exponerme a la aglomeraci√≥n de gente todo por actualizar la app no pueden hacer algo bien? Banbif abri√≥ una cuenta 100% digital y todo sin salir de casa y ustedes no pueden hacer una app bien"
2040,"P√©simo aplicativo (tengo un samsung s22 ultra) automaticamente abro el aplicativo y se cierra, no me deja hacer mis operaciones estoy practicamente impedida a realizar mis transiciones con libertad este aplicativo es pesimo. Con la anterior version todo iba bien y nunca tuve inconvenientes. üò°"
2041,"Si pudiera darle estrellas en contra le dar√≠a menos 5, te obliga a poner bloqueo de pantalla y no deber√≠a obligar, cada quien ve como cuida su dispositivo y el que uso nunca lo saco de casa para que bloquearlo y despu√©s de hacerlo me doy con la sorpresa que ya no es compatible con mi tablet."
2042,Que mrd en plena pandemia hacen webadas no puedo entrar a la aplicaci√≥n me sale m√°ximo de sesiones activar error me. Y cuando lograba entrar mo token no estaba activo pero ya no me deja entrar desde que la actualizaron no puedo hacer nada soluciones se√±ores yaaaaa encima su call center no atiendes me imagino por el tema del covid pero solucionen rapido el aplicativo carajooooooo
2043,"La APP est√° teniendo problemas para iniciar sesi√≥n. Cuando intento ingresar me sale se genero un error con el token y me me pide reintentar o ver mi toquen digital y luego de varios intentos se logra ingresar. Hoy me paso lo mismo y ahora si no ingresa para nada, desinstal√© la APP del tel√©fono y ahora que la instal√©, en el paso de enviar cod a mi correo. Lo codigos no son v√°lidos y al final ya no env√≠a ning√∫n c√≥digo y no puedo ingresar. La app del BBVA anda sin problemas."
2044,"√öltimamente el aplicativo falla demasiado, al igual que sus tarjetas ya son m√°s de 3 veces que intento pagar y el POS me arroja ""pin incorrecto"" cuando estoy colocando bien mi clave y el establecimiento me dice que es un problema con el sistema del banco. P√©simo servicio."
2045,"Buena pero deberian de dar m√°s informacion sobre quien es la persona que realiza el pago o transferencia,para uno verificar si es correcto, como el YAPE , uno aprieta el pago realizado y no sale ninguna informaci√≥n de quien lo hizo, no es muy claro, ojala puedan hacer algo al respecto, gracias."
2046,"Acabo de actualizar el app y es p√©simo el servicio... es lento, demora en cargar favoritos, se cierra sesi√≥n rapidamente, sale error, etc. Acaso no hay una √°rea de control de calidad en este Banco ???... Mejor regresen versi√≥n anterior. 0 estrellas para esta nueva versi√≥n"
2047,"Es un verdadero asco. Hace m√°s de un mes que no puedo hacer transacciones, porque el App, queda colgado. Para lo que cobran, deb√≠an ofrecer mejor servicio. Solo queda recomendar a las amistades que no se ensarten con el BCP y su p√©simo servicio virtual"
2048,La verdad non se que pas√≥ con La aplicaci√≥n actualice la app en otro equipo solicite la clave token y no la pude activar en ninguna plataforma digital fui a plataforma me dijeron que ya estaba activada luego cuando ingrese nuevamente a la app me volv√≠a a salir el mensaje de token pendiente desinstal√© la aplicaci√≥n la volv√≠ a instalar y me sale ahora solicitar nuevo token la verdad no se que hacer no puedo ni revisar mi cuenta ni mi saldo
2049,"Que mal que esta app aparte de que no funciona al 100% tenga actualizaciones tan pesadas y encima no te permite acceder a tus cuentas hasta que no actualices.. Yo deber√≠a tener la potestad de querer o no actualizar. O sea yo no puedo hacer absolutamente nada desde mi celular porque no actualizo si o si... Que mal de verdad. P√©simo servicio, y le doy una estrella porq sino no sube mi calificaci√≥n pero deber√≠a ser CERO 0‚É£"
2050,Esta p√©sima la actualizaci√≥n no puedo realizar transferencias impagos no puedo utilizar el token porq sale falla en la sincronizaci√≥n. A veces la app no abre me manda que tengo que abrir la p√°gina por internet. POR FAVOR SOLUCIONAR ESE TEMA PORQ DE NADA SIRVE TENER ALGO QUE NO FUNCIONA.
2051,"Hace m√°s de un mes que lo elimine porque ten√≠a fallas, he vuelto pero antes estoy leyendo los comentarios y veo que aun mantiene las fallas de ESTAMOS TRABAJANDO, as√≠ que no lo descargare, que mal , el BCP tiene tantos clientes y no puede manejar bien su app."
2052,Todo estaba muy bien pero la √∫ltima actualizaci√≥n no se ajusta a la pantalla se mi Motorola Z2 Play por lo que no puedo ingresar. Solucionen eso por favor. Ahora sucede que la app se para colgando y no se puede usar. Que mal sistema u que mal servicio.
2053,"Desde la Ultima actualizaci√≥n la app es realmente un dolor de cabeza, a cada rato falla y para colmo ahora piden token f√≠sico para hacer transferencias ....llevo m√°s de 2 semanas tratando de activar mi token y nada de nada, su dichosa maquinita dice que est√° activado mi token y cuando entro a la aplicaci√≥n dice que no est√° activado y yo sin poder hacer mis transferencias....voy al banco y su √∫nica soluci√≥n es que la app est√° fallando y que esperan pronto se arregle como arte de magia...ü§¨ü§¨ü§¨"
2054,"La app antes era muy buena pero desde que empezaron a renovarla y actualizar seguido se cae demasiado y falla, no puede ser que cuando m√°s se necesite utilizarlo no est√© disponible ni siquiera el token para ir a la v√≠abcp y depaso tarde horas en funcionar, pongan atenci√≥n se√±ores!"
2055,Deben mejorar la aplicaci√≥n hace poco fui a retirar mi tarjeta de d√©bito donde que me pidieron ingresar ac√° banca m√≥vil y resulta que el c√≥digo de validaci√≥n llega muy tarde a mi correo electr√≥nico . Pens√© que era la operadora Bitel pero no es ta misma aplicaci√≥n que se satura con cu√°nta gente que lo utilizan a cada momento .....
2056,"Llevo varios d√≠a intentando ingresar a mi cuenta, pero la app no carga, me bota de la aplicaci√≥n... Simplemente diciendo no disponible en este momento... Acabo de desinstalar e instalar de nuevo la app a√∫n as√≠ no me funciona, ahora no me sale nada, la app no siquiera me carga... simplemente me expulsa, una vez me sali√≥ que la app est√° teniendo problemas y solo me di√≥ una opci√≥n para reportar error, ya lo reporte el error pero a√∫n nada"
2057,"Deber√≠an actualizar su forma de ingreso y ncada ve, que cambiemos de tel√©fono no estar pidiendo token , por eso agendamos nuestro Gmail a la cuenta ,nos perjudican, no puedo entrar por el token que cada rato se debe actualizar , osea. Y no Lee mis datos ,no entiendo, el BBVA es m√°s pr√°ctico ,deber√≠an actualizar su forma. No merecen 5 estrellas ,no dan soluciones , solo problemas."
2058,En su √∫ltima actualizaci√≥n DEJ√ì DE FUNCIONAR para celulares con ANDROID 8 (se pone la clave y se cierra) reclam√© en el BCP pero me dicen ya no va funcionar para esta versi√≥n (algo absurdo xq YAPE s√≠ funciona) espero recapaciten y tengan en cuenta a sus miles de clientes bcp usuarios con celulares antiguos.
2059,"Se ha vuelto lento con la √∫ltima actualizaci√≥n, por otro lado, arroja msj de no poder hacer transferencias por alta demanda, pero en las aplicaciones de otros bancos, inclusive de la naci√≥n que tiene mucha m√°s demanda, las transferencias por app son r√°pidas, entonces el problema es la aplicaci√≥n de BCP."
2060,"Estoy tratando de descargar pero sale una ventana que me dice que no se puede por el momento y lo mismo me dijo cuando a√∫n lo ten√≠a instalado no quer√≠a actualizarse, por eso lo desinstale y quise volver a descargar Pero hora no se puede, ser√° que se cay√≥ su app? O qu√© est√° ocurriendo?... Por favor necesito la app para hacer pagos y transferencias"
2061,"Esta √∫ltima actualizaci√≥n me est√° trayendo problemas, no puedo hacer transferencia a ning√∫n banco, me sale un mensaje de error M-E 4101, siempre me sale ese error. Solucionen r√°pido que estoy seguro que muchos necesitan hacer operaciones por la app."
2062,"Les pondria cero pro lamentablemente no te deja, su aplicativo es una sonsera que no sirve desde que realizaron la actualizacion y las transferencias inmediatas demoran 1 dia, paran teniendo problemas en su Sistema del banco y Siempre sale existe un error y tengo que estar desinstalando e instalando nuevemente el aplicativo. Es una perdida de tiempo y por web piden confirmar codigo token pero el mio es digital , Pesima actualizacion de app"
2063,"La peor aplicaci√≥n del PlayStore, los recomiendo desactivar todos los permisos de la app en sus celulares ya que la aplicaci√≥n sigue activa siempre en segundo plano, calienta el celular y gasta un mont√≥n de bater√≠a. Estar√° ropando informaci√≥n? Ubicaci√≥n? No lo s√© pero est√° muy activa en segundo plano y eso no es normal. La tengo √∫nicamente porque tengo que, pero el d√≠a que puedo desinstalarla se har√° con mucho gusto!"
2064,"Necesitaba ver mi saldo urgente y hacer transferencias y me oblig√≥ a actualizar, ahora lo hice y no se puede ni entrar, dice que es para mejorar la experiencia pero est√° peor, si hubiera mejor opci√≥n que una estrella le pongo cero estrellas, mucho dise√±o poca efectividad"
2065,Esto de estar actualizandoce muy seguido es fastidioso. quer√≠a ingresar a la app no podia .voy al banco y me.dijeron q tenia q cambiar de equipo porq la.app no era compatible con mi tel√©fono...deben de pensar tbn es las personas que no pueden hacer su cambio...yo lo tuve q cambiar obligado por trabajo..pero se actualiza demasiado y cada vez m√°s pesado.solo para cambiar la cara y cosas innecesarias....pilas BCP piensas en los clientes tbn
2066,Es horrible no puedo entrar a mi cuenta constantemente me arroja que hay un error en los servidores y tratar√°n de arreglarlo lo antes posible. Por favor son una empresa muy grande de nivel internacional no es posible que sigan habiendo estos problemas cuando empresas m√°s peque√±as tienen un mejor servicio.
2067,"Esta app estaba muy bien implementada, pero hace casi una semana que no puedo acceder a la app.. una carga que nunca termina. La desinstalo. La vuelvo a instalar y sigo sin accesar. Solucionenlo pronto. En tiempos de pandemia las plataformas virtuales de los bancos deber√≠as estar perfectamente optimizadas..."
2068,"P√©sima actualizaci√≥n de app BCP, me oblig√≥ a actualizar y ahora no funciona la app, necesito hacer una transferencia urgente desde ayer y sale que ""tiene problemas y que se est√° trabajando en la soluci√≥n pero no hay dicha soluci√≥n, no recomendable para nada, solo genera contratiempos sus p√©simas actualizaciones."
2069,"Actualizaci√≥n obligatoria? No est√° disponible para dispositivos HUAWEI. Mientras no est√© disponible en todas las plataformas, no puede der OBLIGATORIA. Ahora tengo q hacer transferencias urgentes y NO PUEDO!! La soluci√≥n... Cambio de dispositivo o cambio de banco? Que es m√°s barato?"
2070,un desastre total esta aplicaci√≥n......pero lamentable se tiene que usar por tener un cuenta molestoso tener que intentar cada rato para hace una operaci√≥n Claro deber√≠an mejorara su sistema ni por se banco se preocupan de dar un buen servicio con el Interbank su aplicaci√≥n much√≠simo veloz r√°pido f√°cil de usarla as√≠ con sus sistema lentisimo anulare mi cuenta
2071,"La verdad que √∫ltimamente se para colgando muy seguido y me ha complicado cuando he tenido que hacer operaciones urgentes desde la App. Algunas veces el problema ha persistido por m√°s de un d√≠a, que pasa con sus app del banco de cr√©dito, hasta Yape se est√° colgando desde anteayer no puedo yapear"
2072,"¬°Me borraron todos los favoritos registrados para hacer mis transacciones! Pens√© que era problema de mi celular pero no, en mis otras cuentas e incluso cuentas de familiares se les borraron las cuentas registradas como favoritos para las transacciones, ¬°Necesito una soluci√≥n para recuperar todos esos contactos!"
2073,"En la √∫ltima actualizaci√≥n desactivo el token para nuevas transferencia , intento ingresar y me invita a visitar viabcp, logro ingresar y surge un error en mis favoritos a transferir. No jds! Se supone q deber√≠as hacer las cosas m√°s f√°ciles !"
2074,"Funciona bien, pero falta mucho para ser el mejor. Primero se deber√≠a ver a detalle cada movimiento, ver el titular de la cuenta a quien transferiste y hora exacta suficiente. Lo otro es poder ver todos tus movimientos por fecha."
2075,"La aplicaci√≥n no logra instalarse Huawei p20 lite. Y √∫ltimamente antes de su √∫ltima actualizaci√≥n ya ten√≠a fallas la aplicaci√≥n y no lo recomiendo que la usen porque en otras palabras es una porq....ia ü§¢ü§Æ... Si esto no se soluciona pronto ya tendr√© que dejar de usar bcp, yo no recomiendo que lo har√≠an pero ser√≠a una buena opci√≥n..."
2076,"Una tonteria la nueva actualizacion, al actualizarlo, pierdes en token y tienes que hacer la misma tontera de ir al banco y sacar token una completa tonteria y lenta al momento de entrar a la ap, donde da videos q aparte de molestar hacen demorar mas, muy ineficiente"
2077,"P√©sima aplicaci√≥n, el servicio se interrumpe a cada momento. Cuando piensas que no puede ser peor, m√°s errores suceden, con el perd√≥n de la palabra, esta aplicaci√≥n es una verdadera porquer√≠a. L√°stima que no haya 0 estrellas o puntajes negativos."
2078,"La aplicaci√≥n al hacer consulta me saca y otra es que me parece absurdo que con tanta Tecnologia el usuario tenga que pedir un token para luego ir al banco a activarlo, deber√≠a ser online, manejarlo por clave coordenadas o mensaje de texto porque as√≠ uno no est√° atado a cargar el mismo cel ya que si cambio de equipo tendr√≠a que ir Nuevamente al banco a activar el token, es una idiotez.. sinceramente me molesta esto"
2079,No responden a los canales de atenci√≥n desde el d√≠a de ayer est√° fallando la app no puedo estar corriendo a cada rato a la agencia para activar mi token digital y que despu√©s me salga bloqueado desinstalar e instalar nuevamente y hacer el mismo proceso es una perdida de tiempo cuando necesitamos hacer transferencias urgentes
2080,"Hoy justo me sali√≥ una nueva actualizaci√≥n, y no carga absolutamente nada. Porque hacen una actualizaci√≥n que no suma en nada, m√°s bien retrasa la fluidez que ya ten√≠a la app. Ello debe ser a elecci√≥n, no sujetar al cliente una actualizaci√≥n sino no podr√° hacer operaciones, P√âSIMO."
2081,"Pesimo, la app se me cerr√≥ luego de realizar una transferencia y no logr√© tomar captura de la transacci√≥n. Tampoco me llega al correo la notificaci√≥n pero si me debitaron el dinero. Me encuentro en el extranjero y no puedo ir al banco Qu√© les cuesta colocar la referencia de la transacci√≥n en el resumen de movimientos"
2082,"La nueva actualizaci√≥n es muy defectuosa, tengo que intentar mas de 1 vez para poder ingresar a mi cuenta, no se me hace f√°cil pagar mis tarjetas o hacer mis recargas como en la anterior. Porfavor buscar soluciones."
2083,"Esta app se volvi√≥ orrible, cada rato bota errores, no v√°lida los datos de ingreso, no hace las operaciones, hay Internet y dice que no hay Internet y que se revise conexi√≥n, todo un caos. Voy a cambiar de banco."
2084,"P√©sima la aplicaci√≥n tiene varias fallas cada vez que quiero realizar una operaci√≥n no entra a la app, me sale fallo en token ,o configure la hora, otras veces ni abre Horrible se supon√≠a que la app era para facilitar ciertos asuntos pero es todo lo contrario"
2085,Con la nueva versi√≥n fallan las transacciones a cada rato. Tengo que estar solicitando mis transacciones. Ya me da miedo usar esto y ahora he vuelto al BCP web a trav√©s de mi laptop. Mejor regresen a la versi√≥n anterior que funcionaba muy bien.
2086,"La nueva actualizaci√≥n tiene fallas con el ingreso ,a veces est√° normal ,c√≥mo en reiteradas ocasiones solo opta por redirigir a la web ,tampoco se va a negar que tiene alguna que otra buena optimizaci√≥n en los pagos y transferencias"
2087,"P√©sima la nueva versi√≥n V.3.21.0 Para poder utilizar la app obligan tener un bloqueo de pantalla, que por a√±os no lo utilizo. Adicionalmente en pleno tr√°mite se cierra intempestivamente y hay que reiniciar todo el proceso. En lugar de mejorar, la empeoran"
2088,"No se que esta pasando √∫ltimamente no me permite ingresar a la app carga y carga y despues me sale error, elimine la app y la volvi a instalar, me piden validar mis datos y pido que me envien el c√≥digo a mi correo que aparece ahi... para ingresar mi tarjeta nuevamente y sale error he intentado toda la tarde por favor solucionen el problema que necesitamos pagar y hacer transferencias"
2089,"Su atenci√≥n al cliente es un asco , he gastado ya como 15 soles intentando llamarlos y porque me sale que mi targeta est√° bloqueada pero yo no he bloqueado nada. Su est√∫pido bot no ayuda en nada, p√©rdida de tiempo nada m√°s. Voy a irme a otro banco, uno mejor. Cualquiera es mejor si la atenci√≥n de ustedes es tan mediocre. Y en la aplicaci√≥n no puedo averiguar nada. Por gusto"
2090,"Desde hace dos d√≠as no puedo ingresar a la app, o mejor dicho, cuando abro la app mi pantalla se queda negra y no sale nada m√°s. Necesito hacer pagos y no puedo porque tengo que activar el token digital para hacerlo y la √∫nica forma es a trav√©s de la app. Por favor solucionen esto."
2091,"Buenas tardes el dia 3 de enero del 2023 fui a recoger por primera vez mi tarjeta de debito y a la vez hacer deposito a la misma. Sin embargo al revisar la cuanta por la web, me doy con la sorpresa de que no tengo ningun saldo cuando deberia de estar con una cantidad de aprox 1500 soles. Bueno... Esta experiencia me ayuda a nunca mas poner plata en estas entidades."
2092,La app esta cada vez peor No se puede hacer transferencias ni pagos Sale error intentelo en 5 minutos ( mi app esta actualizada) Este error esta desde la semana pasada. Y no es la primera vez que sucede esto. Deben revisar que sucede rapido ya que se supone que debemos usar la app para no salir de casa.
2093,"que mal BCP, en vez de mejorar va hacia atras. Si ya se ve q la actualizac√≥n no funcionaba, por que obligar a hacerlo con todos. Lo peor es q ya pasaron varios d√≠as y no corrigen error. no se dan cuenta q perjudica al cliente. O es q hay demasiada soberbia el ellos."
2094,"La nueva actualizaci√≥n es p√©sima, sale errores varias veces al d√≠a, ingresas una vez y cunado quieres volver a ingresar te indica problema ingrese a viabcp, donde te piden el token digital que la app no te puede brindar porque tiene problemas, ya es mas de un mes con este problema y no lo solucionan."
2095,Es muy p√©simo por que no te ayuda en nada m√°s te perjudica uno tratando de emprender y m√°s trabas te pone por que los clientes que quieren pagarme a mi cuenta me depositan y me cobra comisiones en una semana perdi m√°s 300 soles es una desepsion total de mi parte no les aconsejo k usen lo √∫nico bueno es el yape pero en si la tarjeta no es util
2096,"La peor App de Bancos, claramente malograron la App en la √∫ltima actualizaci√≥n, es inestable y al d√≠a por horas no puedes ingresar, claramente se enfocaron en el aspecto gr√°fico y malograron la funcionalidad. Mucho mejor la app de Interbank."
2097,"Desde que cambiaron la performance de la app no puedo usarla como se debe. Debo instalar y registrar mis datos para ver mi cuenta, cuando deseo nuevamente usar la app me sale la opci√≥n de seleccionar dni y cuando voy a escribir el n√∫mero, le app se cierra. Vi√©ndome obligada a instalar y desinstalar toda vez que deseo usarlo. Lo peor es que el c√≥digo lo env√≠an por e-mail y demora, no da chance de seleccionar SMS para que sea m√°s f√°cil. Quisiera poder regresar a la versi√≥n antigua. Me iba re bien"
2098,No s√© por qu√© se les ocurri√≥ actualizar al app si funcionaba bien. Se borr√≥ mi token digital pero seg√∫n la misma aplicaci√≥n sigue vinculado a mi celular pero no puedo hacer ninguna operaci√≥n por qu√© me pide dicha autentificaci√≥n. Es horrible tener estos inconvenientes con una empresa tan grande y es una pena la calidad de servicio que ofrecen teniendo en cuenta que lucran con las altas cuotas de sus afiliados. Una pena.
2099,"No funciona. Mi telefono tiene un Snapdragon 855 y 6GB de RAM. Esta un poco desactualizado pero esta app deberia funcionar sin problemas en un equipo con esas especificaciones, y no lo hace. Solo obtengo un mensaje de error y la app se cierra."
2100,"Todo estaba excelente con la app, hasta el 14 de setiembre que fue la √∫ltima vez que la pude abrir, ayer intente abrir la aplicaci√≥n para hacer un pago y no llega ni siquiera a pedir la clave, se cierra en menos de 3 segundos, por favor solucionen Estamos 19 de setiembre y hasta ahora nompiedo usar la app sigue sin abrir"
2101,"Actualizaron la aplicaci√≥n y no sirve para android 8, no avisaron y ahora no puedo hacer transacciones y tampoco me sirve el toquen digital. Acaso el BCP considera que todos los clientes tienen dinero suficiente para actualizar cada a√±o sus celulares. Muy triste esto por parte del BCP"
2102,"Hace 2 d√≠as me sali√≥ un aviso para actualizar la aap, lo hice y luego al abrir se bloqueo. Sali√≥ un aviso que posiblemente hab√≠a sido manipulado, lo cual no es porque yo misma lo hice. Ahora resulta que tengo que resetear mi contrase√±a y sino lo acepta no podr√© usar el app en este celular. INCREIBLE. üò°"
2103,No le dar√≠a ni media estrella es una reverenda xkeria est√° nueva actualizaci√≥n y me da mucha rabia q actualicen y ocupe m√°s en espacio en mi celular acaso no se dan cuenta q est√° app tbn la usan adultos mayores y para ellos deber√≠a ser m√°s sencilla una opci√≥n deber√≠an ser distinta la apariencia para cliente seg√∫n su edad y grado d instrucci√≥n bueno es una idea no todos somos tecnol√≥gicos para saber c√≥mo se maneja est√° app y cualquier otra y bueno en las agencias deber√≠a haber la misma app.
2104,esta nueva actualizaci√≥n no me permite ingresar a mi cuenta a quien se le ocurre realizar una actualizaci√≥n en plena pandemia y cuarentena y poner dificultades para ingresar a nuestras cuentas pidi√©ndonos una c√≥digo de confirmaci√≥n que nunca llega a tu correo o llega cuando tu tiempo a expirado esta aplicaci√≥n le utilizaba para realizar todos mis pagos ahora no puedo e tenido que transferir mi dinero a otro banco para realizar mis pagos por su aplicaci√≥n
2105,"hace dos d√≠as la app presenta problemas, no me permite ingresar, sale el mensaje de que se encuentra en mantenimiento, solucionen eso urgente. se entiende de que la app es para no visitar una agencia ps obliga a hacer las largas colas para hacer una transferencia. pesima atenci√≥n."
2106,Alguien m√°s presenta el problema de cuando entran a la app no apertura y se cierra cada actualizaci√≥n termina siendo peor que la anterior ya desactive todo y nada de verdad que feo esta la fecha no puedan mejorar la falla qu√© est√°n teniendo en todos los dispositivos osea ahora no puedo hacer transferencias por que llamo y ni una soluci√≥n me dan no qu√© tengo que esperar la nueva actualizaci√≥n osea mientras tanto no trasferencia mi dinero que burla es esta para con los nosotros los clientes
2107,Mal√≠sima la aplicaci√≥n siguen con los mismo errores no entra ala aplicaci√≥n. se nota que no les importa nada su aplicaci√≥n y no trabajan en sus errores que decepci√≥n la aplicaci√≥n. Ningun estrella se merece pero solo por publicarle tuve que poner * .
2108,"Llevo 4 d√≠as tratando de actualizar la app y no llega a cargar al 100 % , es una pena que se obligue actualizar la app y para colmo en vez de causar mejoras en el sistema solo los vuelve peor , se cae el sistema a cada rato sobre todo por las noches y no que decir s√°bados y domingos ..."
2109,"Mi celular no puede abrir el aplicativo. Ya actualize la aplicaci√≥n, ya desinstale e instale denuebo y sigo con el problema. Que hago? Bcp me respondi√≥, en cuesti√≥n de minutos, despu√©s de publicar el comentario, dicen que su hay un bug sist√©mico espec√≠fico √±, y que gradualmente van a liberar una nueva actualizaci√≥n que resolver√° el problema."
2110,"Completamente horrible la actualizaci√≥n, la versi√≥n anterior estaba mucho mejor. Reci√©n actualic√© la app y apesar de que varias personas me dijeron que no lo haga, pens√© que no fallar√≠a tanto pero me choco con la realidad. No sirve su actualizaci√≥n."
2111,"Esta aplicaci√≥n todo el tiempo tiene errores as√≠ como sus transacciones, trabajo haciendo cobros con tarjeta y el que falla es el bcp, cobramos 1 vez, hay veces que le sale que le cobraron doble en la aplicaci√≥n del cliente es un dolor de cabeza y trae demoras."
2112,"Quise actualizar el app y no se pod√≠a, lo desinstal√© y trat√© de instalar de nuevo y nada se queda en 78 %, y si tengo como 10gb de espacio Hace d√≠as me pidi√≥ actualizaci√≥n, y nada, desinstale el app y ahora no puedo instalar, tengo 8gb de espacio libre he seguido todas las sugerencias y no se puede instalar 31 de julio 2022"
2113,"El mismo problema q todos ... mi app dejo de funcionar, al abrir sale el logo del BCP y luego se cierra, ya reinstale 10 veces y no funciona, como tengo token digital tampoco puedo usar la web pq me pide el token ... en resumen un funciona la banca digital, tendr√© q ir a la agencia para las transacciones, tuve q migrar todos mis pagos al Scotiabank."
2114,"Actualice la aplicacion y ahora se cierra sola, elimine y volvi a instalar y sigue sin abrir. Normalmente desactivo las actualizaciones para evitar estos problemas pero ya no me dejaba pasar de la actualizacion y pasa esto."
2115,Actualize y ahora no quiere llegarme el c√≥digo de validaci√≥n para poder ingresar ... No s√© si est√° saturado o est√° malo est√° nueva actualizaci√≥n ..espero mejore ... La anterior estaba mucho mejor ... Desde ayer est√° que no quiere entrar y no es solo en mi celular es en varios por qu√© en los de mis amigos tampoco quiere ... Esta raro ...
2116,"P√©sima aplicaci√≥n. Una de las peores aplicaciones, con muchas ca√≠das de sistema, poca disponibilidad de servicio. Ten√≠a que hacer un pago urgente y no puedo entrar a la aplicaci√≥n porque no hay servicio. Tengo que esperar hasta DIAS para que todo vuelva a la normalidad. Mal√≠simo"
2117,"Esta aplicaci√≥n me trajo m√°s problemas, ni siquiera puedo entrar, carga y carga y al final dice error porque hay problemas de conexi√≥n, por favor se√±ores del BCP est√°n generando muchas molestias y contratiempos en estas cosas, en este estado de emergencia debe de haber mayor facilidades."
2118,"Terriblemente mal, inestable, complicada, nada intuitiva. Lo tengo que usar porque no queda de otra es un mal necesario, de seguro los programadores no tienen cuenta en BCP. Porque no se copian la filosof√≠a del app de Interbank?"
2119,"La ultima actualizaci√≥n es p√©sima, se demora bastante en cargar la informacion de las cuentas y se cuelga a cada rato, solucionen esto por favor Actualizado 11/10/21, p√©sima la √∫ltima actualizaci√≥n, por favor lanzar nuevas versiones cuando tengan la seguridad que funcionan..."
2120,"Peor que peor, no sirve, el tiempo de respuesta es leeeeento, al tratar de registrar la tarjeta no env√≠a el c√≥digo a tiempo y vence la sesi√≥n, y sino al registrar la clave telef√≥nica da error, un fracaso est√° actualizaci√≥n, antes trabajaba mejor, trabajen en cambiarla, para que hacen un app y uno tiene que ir a cada rato al banco para solucionar?ik"
2121,"He instalado, y desinstalado la aplicaci√≥n varias veces y no puedo usarla, la anterior aplicaci√≥n era mejor, lo peor que ni me contesta en el banco Al final de mucho intentar pude poner mi numero de tarjeta y el DNi, ahora ingreso mi clave mi sale error ""ME-0428 vuelva intentarlo"" la verdad que si pudiera darle menos cero se los daria, busquen una soluci√≥n r√°pida"
2122,"P√©simo!, al parecer la app no funciona o algo por el estilo ya que se demora una eternidad en cargar y para que al final me salga un mensaje de error y que lo vuelva a intentar y as√≠ sucesivamente, hagan algo, por lo visto no soy el √∫nico con el mismo problema."
2123,No se puede entrar a la aplicaci√≥n sale el anuncio nuestro equipo est√° trabajando para solucionarlo danos unos minutos e intentalo de nuevo.. Ya van 2 meses as√≠... Hasta cuando no van a arreglar la app es un porquer√≠a la √∫ltima actualizaci√≥n agan algo... Tengo un Sony expira.
2124,"Sinceramente cada d√≠a va de mal a peor,no te permite hacer transferencia ,todo el tiempo para actualizando ,ya nada es seguro, cualquier rato se adue√±an de tu plata ,ya nada es seguro al actualizar cada corto tiempo ,el sistema mismo pueda aver vaceo de cuentas ya nada es seguro ,espero por lo menos responden ala incomodidad de cada usuario"
2125,"Le pondria 0 estrellas pero no se puede. Llevo todo el dia queriendo pagar mis servicios con la app y no me permite, reparen la basura de app que tienen, son el peor banco. El unico beneficio que he obtenido hasta ahora de ustedes es que puedo pagar sin usar efectivo (y eso....). Malisimo."
2126,"La aplicaci√≥n me pide poner un bloqueo al tel√©fono en s√≠, antes , yo por seguridad le puse un bloqueo a la misma aplicaci√≥n. Si ya tiene su pantalla de bloqueo , que tanto le importa si tengo que ponerle una pantalla de bloqueo al celular , solo me retrasa al querer usar el tel√©fono, no le veo sentido. Maldita aplicaci√≥n."
2127,"P√©sima actualizaci√≥n, dejo de ser pr√°ctica porque ya no se ven todos tus estados de cuenta desde el inicio. Adem√°s no permite ponerle nombre a las cuentas que uno maneja y sale error cuando intentas eliminar una cuenta de los favoritos"
2128,"Pens√© que era la √∫nica o que estaba sufriendo de alguna interferencia, pero mi tambi√©n se me pone la pantalla negra y minimiza la pantalla por m√°s que limpie y reinicie el celular, solucionen eso porque no se puede hacer transferencias por el celular y es de urgencia."
2129,"Son unas ratas! Ladrones de primera... NUNCA han cobrado mantenimiento de tarjetas y de buenas a primeras como de seguro les falta dinero, comienzan a sacar ""mantenimiento"" de 10 soles de una cuenta de ahorros! Por eso siempre los catalogan como el peor de todos los bancos"
2130,"Desde que la actualizaron la aplicaci√≥n est√° inservible, es dif√≠cil entrar carga y carga ... Y si entras se demora demasiado en hacer alg√∫n pago, o aveces ni siquiera se puede hacer por qu√© te sale *error* y te vota de la app, arregle la como estaba antes .... üôè"
2131,"Leyendo las quejas veo que no funciona app ni web por WiFi o con ciertos operadores, he tenido que entrar con otra red. Solucionen ya! Hace una semana que no se puede ingresar a su app. Veo varios reclamos y no hacen nada. Pero para robar s√≠ son r√°pidos."
2132,"Esta nueva actualizaci√≥n no merece ninguna estrella, no permite abrir el app y si lo habre so se puede una vez en el dia...me hace perder el tiempo, yo eh usado frecuentemente la banca movil pues recibo y hago transferencias, pero ahora no me permite hacerlo...si continua as√≠ tendr√© que cambiar de banco"
2133,Le doy 1 estrella por que siendo un banco muy grande no pueden implementar mejoras en la banca movil como lo ase el BBVA continental que tiene acceso son huella o reconocimiento facial y no necesariamente poner la clave para ingresar otra cosa esq te cobran por todo asta aser una transferencia imterbancaria cuando otros bancos no cobran tanto y siendo mi propia cuenta osea es ineficiente tanto en yape y su banca movil
2134,Esta √∫ltima actualizaci√≥n es un asco total. Imposible que en vez de mejorar malogren su propia app. Deber√≠an despedir a la persona que hizo estos cambios ya que nunca abre el app. Se cierra solo y siempre para en mantenimiento
2135,Recargue el celular de alguien y me salia error y intente 3 veces y me salia error al final me salen descontando 3 veces las recargas osea falla su apk deber√≠an mejorar as√≠ tmb me salia error para hacer una transferencia y esto no puede ser posible que tal si transfiero doble a una persona que derepente es por una compra pasajera se quedar√≠a con mi dinero arreglen eso por favor sino voy a tener que trabajar con otro banco que sea m√°s confiable ü§¨üò°üò°üò°
2136,"La app no funciona correctamente se abre y cierra Y para rematar cuando deseo realizar alguna transferencia me piden token f√≠sico cuando nunca lo he solicitado y tampoco me lo han ofrecido Cada la aplicaci√≥n es una porquer√≠a no sirve y cuando vas a Asus instalaciones no son capaces de hacer nada, porque no saben No te dan soluci√≥n m√°s pierdes tu tiempo"
2137,"Que horrible se ha puesto esta aplicaci√≥n, lonuso hace a√±os, con las actualizaciones son una perdida de tiempo y dinero, uno necesita urgente hacer transacciones y te salen con actualizar, encima luego se paraliza todo y no te deja hacer nada."
2138,"Alguien puede apoyarme pf, me indicaron q con la actualizacion de 2 de noviembre se solucionaria el problema pero aun persiste, pongo mi tarjeta, clave, codigo de validacion y me salta ¬°ocurri√≥ un problema! Ya llevo casi 2 semanas sin poder entrar a la aplic"
2139,"Hola, no puedo abrir la app y me dice que me comunique con el soporte. Voy al soporte y no entiende mi consulta ya que es un chat bot. Reinstalo la app y sigue dando el mismo problema... Por favor, necesito una soluci√≥n dado que en mis tarjetas esta desactivado el modo compras por Internet y necesito hacer la compra de un pasaje para viajar esta semana."
2140,"Ya no puedo transferir con el lector de huella de mi celular!!!! Arreglen eso!!! Me sale que no est√° configurado pero si lo est√°, he vuelto a instalar la app y ahora ni si quiera me sale la opci√≥n de huella al intentar hacer una transferencia!!! Arr√©glenlo por favor!!!!"
2141,"Lo siento pero la odio bastante! Se actualiza y yo pienso que habran cambios mayores para la velocidad, aspecto, etc Pero no! No modifican apsolutamente nada Adem√°s que se tarda medio siglo para cargar la p√°gina principal! Yo le doy 1 estrella üò†üò°"
2142,"P√©sima aplicaci√≥n, la actualizaci√≥n malogro completamente el uso de la app, la antigua funcionaba a la perfecci√≥n y no entiendo por qu√© lo actualizaron para que ahora pare mandando errores, decepci√≥n por parte del BCP, si sigue fallando la aplicaci√≥n tendr√© que cambiar de banco."
2143,"Todo estaba bien con la aplicaci√≥n hasta esta √∫ltima actualizaci√≥n, que sale ""ocurrio un problema, estamos trabajando para solucionarlo"" y esto sucede a cada rato y todos los dias, deben solucionar eso y no solo a mi tambi√©n a todos mis conocidos le sucede lo mismo por actualizar la APP"
2144,"Una tonter√≠a ir al banco a solicitar una clave token para transferencias sabiendo que estamos en plena pandemia. Adem√°s, para descargar la app en otro celular y registrarte te piden el c√≥digo de validaci√≥n que tarda casi una hora en llegar, luego cuando intentas ingresar el bendito c√≥digo resulta que ya expir√≥ y se debe solicitar otro. ¬°P√©simo!"
2145,"La peor aplicacion desde siempre. Gracias bcp en lugar de mejorar con el tiempo, retrocedes. Supuestamente con las actualizaciones deben venir mejoras, pero en tu caso es todo lo contrario. Que l√°stima."
2146,Muy mal. Solo logr√© ingresar una vez y luego no. Me pide volver ingresar mis datos. Un fiasco. Retiren el aplicativo porque ni funciona y pierdes tiempo. Veo que hay muchas quejas y malas puntuaciones. Corrijan su error o si no Retiren el aplicativo porque en lo que ustedes fallan otros bancos hacen un buen trabajo.
2147,"Por qu√© siempre que actualizan una nueva versi√≥n lo hacen tan mal??, deber√≠an pagarle o contratar otros desarrolladores con el dinero que se manejan. Primero interbank y ahora bcp... no me deja entrar con la nueva actualizaci√≥n, me dice error de clave en cada intento..."
2148,"Han hecho una nueva actualizaciones el d√≠a de ayer 29 de mayo y te to problemas para ingresar,dice clave incorrecta a cada momento y cuando entro desde mi PC si puedo entrar, por la aplicaci√≥n tambi√©n entre con la nueva actualizaci√≥n ,pero hay muchas fallas"
2149,"Es la peor porqueria de app, lenta en un galaxy s22 ultra? La app pareciera que hace una b√∫squeda de todo el tel√©fono, hace que se recaliente. Lo que no comprendo es porque tiene que asociarla con otra cuenta que poseo. Es la peor experiencia, tengan cuidado con esta app."
2150,"La primera vez que inicio sesi√≥n funciona, pero cuando cierro sesi√≥n y luego quiero volver a entrar me dice que d√≠gito mal mi clave, no es la primera vez que me pasa, pens√© que lo hab√≠an solucionado, espero por favor puedan ayudarme ya que me es muy √∫til tener esta aplicaci√≥n de bcp."
2151,"Revisen los comentarios la actuaci√≥n ni trae mejoras no permite realizar modificaciones de preferencia de tarjeta, toc√≥ est√° como un men√∫ lo que funciona en android no lo puede aplicar en una sola aplicaci√≥n del BCP no es din√°mico aburre entrar en cada opci√≥n cuando Narea estaba disponible en una lado izquierdo todo, coordinar en su √°rea y modifiquen la actualizaci√≥n est√° p√©sima revisen los comentarios."
2152,No sirve para nada Malas no se puede actualizar Y no se porque si no sirve para ü§∑ nada De mal en peor No se porque a que le llamn actualizar si ni siquiera lo hace van de mal en peor BCP QUE LASTIMA Hay mejores appstore Ni puedo hacer transferencia Alguna me han hecho retrasar y retroceder lastima de banco ü§î quer√≠a mi token digital y tampoco puedo hacerlo yo no se que est√°n avanzando o entorpeciendo a los clientes y encima quieren que les pongan estrellas üåü !
2153,Su actualizaci√≥n es una porquer√≠a perdida de tiempo casi 30 min llenando sus espacios y media hora m√°s para el c√≥digo de validaci√≥n y cuando lo pongo ya expir√≥ en serio se esmeran en hacer tener c√≥lera a 1 o es algo que les sale as√≠ no m√°s! P√©simo p√©simo servicio
2154,"Con cada actualizaci√≥n que hacen la aplicaci√≥n va en ca√≠da libre, no sirve para nada. Te hacen descargar una versi√≥n de manera obligatoria, que ni siquiera llega a completarse, por favor arreglen ese error urgente. No acaba nunca la descarga... qu√© es lo que est√° ocurriendo?"
2155,"Su tonter√≠a de aplicativo ya tiene 1 semana que no funciona, el colmo de todo es que su pagina de ingresando por una PC esta igual de no poder ingresar, osea no hay manera de ingresar a ver tu cuenta o realizar alguna transacci√≥n o algo ya que nada les funciona. P√©simo servicio."
2156,P√©sima app. La versi√≥n anterior era mejor. Esta se para colgando y a cada momento piden disculpas cuando no funciona. Uno necesita hacer sus operaciones tranquilo desde el celular y no se puede. Se pierde demasiado tiempo.
2157,"Antes estaba buena la aplicaci√≥n , pero con la √∫ltima actualizaci√≥n malogrsron todo totalmente Antes cuando uno hacia una transferencia el token aparec√≠a autom√°ticamente sin necesidad de escribir , ahora es al contrario y para buscar el token tienes que salir de la aplicaci√≥n y poner en token y recien sabes cual es P√©simo enserio , MALOGRARON TODO EL APPS"
2158,"Intento abrir mi cuenta bcp por internet y me pide configurar mis preguntas de seguridad, una vez hecho me pide mi clave de Internet y cuando lo hago sale que hubo un error en el token. Quiero abrir mi cuenta bcp por internet en vez de perder mi tiempo configurando preguntas irrelevantes de seguridad que no ped√≠. Adem√°s, no puedo instalar la app desde mi Samsung J2 Prime, solo desde el Huawei 2017 cuando antes pod√≠a instalar la app desde ambos dispositivos m√≥viles. P√©sima actualizaci√≥n de la app"
2159,Por favor no se que esta pasando con esta aplicaci√≥n no puedo entrar a la aplicaci√≥n quiero hacer transferencias y no puedo tengan la amabilidad de mejorar y que excelente yo no se como pueden crear un aplicativo si no va afunciar muy bien es p√©sima y si ingresa se sale y no no puedo capturar la transferencia de pago q mal feo aplicativo
2160,"Bueno he visto tantos comentarios, y a mi parecer yo no he tenido ninguna dificultad con esta aplicaci√≥n, claro esta que debe de tener alg√∫n error como todas las aplicaciones, claro esta que no a todos nos va bien, pero espero de coraz√≥n que sigan trabajando los t√©cnicos para que la aplicaci√≥n funcione bien y no haya mas dificultad, es mi humilde opini√≥n. Bendiciones"
2161,"con la √∫ltima actualizaci√≥n no se puede ingresar, se cierra a penas se abre la aplicaci√≥n, he desinstalado la aplicaci√≥n y la he vuelto a instalar y nada, tambi√©n he descargado en otro equipo y nada, antes estaba mejor, creo que la Pandemia he hecho mal al BCP ya no lo recomiendo para nada"
2162,"Se cuelga a casa rato. Lo peor que no tiene la posibilidad de colocar el n√∫mero de tarjeta uno mismo. En la anterior versi√≥n te daban la opci√≥n de recordar el n√∫mero de la tarjeta o colocarla cada vez que ingresabas a la aplicaci√≥n. Como m√©todo se seguridad muchos aprendimos nuestro n√∫mero de tarjeta y la coloc√°bamos al ingresar. En esta ya no puedes hacerlo y solo debes ingresar la clave Internet. Adem√°s, el toquen digital est√° muy expuesto... deber√≠an permitir una clave para accesar a ella."
2163,"Ya cansan, tuve que acrualizar la app porque no dejan de otra y ahora esta peor que antes! no abre, no se ve los numeros para la clave, se cierra. En serio no pueden dejar la aplicaci√≥n tranquila?? lo malogran m√°s pareciera que no leen que muchos nos quejamos"
2164,"Hola sres del bcp hoy 16/02/2021,entre a la aplicaci√≥n para realizar un transferencia y al entrar favoritos me di con la sorpresa que no hab√≠a ni una grabada,luego transfer√≠ a un a CTA y la grab√© como favoritos y al rato vuelvo a entrar y no estaba necesito una explicaci√≥n sobre este caso."
2165,"Me parec√≠a un buena app, pero con la √∫ltima actualizaci√≥n, a pesar de que se puede escribir en la casilla de comentarios antes de realizar la transferencia, estos no aparecen cuando se descarga el voucher respectivo. Una l√°stima."
2166,"Esta app la verdad no sirve para nada, no se puede hacer la activaci√≥n del token con el reconocimiento facial sale ""colocate en un lugar con iluminaci√≥n y no te cubras la cara"" me he puesto hasta debajo de un foco para ver si as√≠ funciona y nada. Y no me digan que lo reporte al FB o que s√© yo porque nisiquiera por WhatsApp ni por llamada te ayudan. P√©simo servicio la verdad"
2167,"P√©sima actualizaci√≥n, demora demasiado en cargar al obtener sesi√≥n, mostrar cuentas (encima carga ofertas que no solicit√©, muy invasivo) y movimientos. Hice una transferencia y no me mostr√≥ la pantalla final para compartir el comprobante."
2168,"Mal, hoy me dispuse a entrar a la aplicaci√≥n por banca movil y me sale que mi tarjeta esta bloqueada, us√© la misma clave de siempre pero sale ese error cuando todo a estado normal, me piden que llame y cuando llamo no entra la llamada, deja mucho que desear el servicio. Antes de dejar este comentario he visto que otros usuarios presentan el mismo inconveniente por lo que no soy el √∫nico al que le pase de este modo."
2169,"Estuve usando la app de maravillas hasta el d√≠a de ayer, pero quise entrar para hacer transacciones como siempre y ya no puedo, la pantalla se pone color negro. ARREGLEN ESO YAAAA!! Porque la aplicaci√≥n funcionaba muy bien"
2170,"Es una porquer√≠a esta actualizaci√≥n, estoy tratando de actualizarla hace un mes y no puedo, me ha hecho borrar casi todas mis aplicaciones pensando que es el espacio de mi celular pero no es eso. Es la app del BCP, no entiendo xk lo actualizan para que despu√©s no se pueda instalar. Que decepcionante la verdad."
2171,"Nose porque no seleccionan mejor a su personal encargado de las actualizaciones, es una verg√ºenza leer todos los comentarios solo quej√°ndose de la nueva actualizaci√≥n. En lo personal no me deja ingresar, me dice que la tarjeta no tiene clave virtual y para colmo la app se abre inesperadamente en muchas ocaciones."
2172,"Las versiones anteriores eran mejores.. Mas f√°ciles y r√°pidas para ingresar,.. La √∫ltima version tarda mucho para ingresar.. Srs. Bcp... Esta plataforma es para hacer gestiones financiareras.. No para entretenimiento.... No se por que la hacen m√°s ""pesada """
2173,"Antes cuando se realizaba pagos o tranferencia por la app,se pon√≠a alg√∫n motivo en la descripci√≥n y aparec√≠a en la constancia instant√°nea y en el correo de informaci√≥n, dejaba llevar un buen control ,es necesario que vuelva aparecer A veces se necesita consultar motivos del pago porque concepto ü§∑ P√©simo que lo quiten ya ni en los correos aparece"
2174,"Tengo Mb tengo Wi-fi, a√∫n as√≠ no puedo Realizar la actualizaci√≥n, Trabajo constantemente con Bcp, y siempre tiene los mismos problemas o est√°n en mantenimiento 3 d√≠as o te obligan a actualizar y no tiene ni mejoras est√° peor.. MUY MALA APP !!!!üëéüëéüëé"
2175,"Que fe actualizaci√≥n, literal no puedo ingresar... ya que la pesta√±a del donde se pone el dni o ah saber que hay ai. Por que el maldito icono de iniciar justamente esta encima de esas pesta√±as. Mas buggeada esa app, por favor soluci√≥n y despidan al que lo dise√±o y programo. Sobretodo en este nuevo men√∫ para iniciar sesi√≥n."
2176,"Carajos no puedo entrar a mi tarjeta, primero por que al momento de recibir el codigo, este tarda como 10 minutos en llegar al correo y en la app se cierra sesion, es un bucle hasta ahora no puedo acceder a la banca por la app, arreglen eso por favor es muy molesto eso"
2177,"La peor app de banco, siempre presenta errores, tengo 15 d√≠as que no puedo hacer transferencia por el app, ingreso por la web para hacer transferencias y me bloquean esa opci√≥n. Le doy una estrella porque no se puede dar menos para escribir opini√≥n. Por. Favor mejoren ya que ustedes c√≥mo entidad bancaria prestan un servicio y el que prestan no es para nada satisfactorio"
2178,"P√©sima actualizaci√≥n, algunas opciones han desaparecido, la anterior Funcionaba muy bien y eso es lo que se requiere FUNCIONALIDAD, de que sirve mucho dibujito y colorcito si no es efectiva, regresen a la anterior urgenteee ¬°¬°¬°¬°"
2179,"Ya va m√°s de un mes que no arreglan el problema del token digital, esto es inadmisible ya que la funci√≥n de esta app es poder hacer nuestras transacciones m√°s r√°pido. Por favor arreglar esto lo antes posible ya que instale la √∫ltima actualizaci√≥n y el problema sigue."
2180,"Me gustaba la aplicaci√≥n pero la nueva actualizaci√≥n no me da confianza.. No me gusta que quede guardado el n√∫mero de mi tarjeta ah√≠, yo no tenia problema en ponerla cada que iba a iniciar.. Ahora me da inseguridad. Por favor poner la opci√≥n de no recordar y esto que no afecte el hecho de tener el Token"
2181,"Malisima la actualizaci√≥n le pongo una estrella porque no se puede calificar con cero, cada 1 de 10 puedo hacer las transacciones luego me dicen que use token f√≠sico o que actualice la fecha cuando la fecha est√° bien espero que den con una buena soluci√≥n pronto"
2182,"Intento loguearme , pero cuando llego a la opci√≥n de escoger el m√©todo de verificaci√≥n no me aparece nada , ni seleccionar sms ni llamada y si quiero avanzar no me lo permite , supuestamente la √∫ltima versi√≥n es la mejor, pero no es as√≠ realmente."
2183,"La aplicaci√≥n consume toda la bater√≠a del Galaxy S23! No la abro nunca y a√∫n as√≠ consume en segundo plano un mont√≥n (en una noche estuvo activada en segundo plano por 5h, en plena madrugada). Dejar√≠a adjunto algunas capturas pero no me deja. Ya borr√© el app, no puedo m√°s."
2184,"Le pongo 2 estrellas ya que en la nueva actualizaci√≥n ya no puedo entrar, de por si la app es s√∫per √∫til, pero en la √∫ltima actualizaci√≥n se sali√≥ todo de control, se cierra y ahora me sale que debo actualizar entro a Play Store y me dice que ya esta actualizado llevo como 20 min tratando de entrar y nada :/"
2185,"En su pr√≥xima actualizaci√≥n deben incluir el escaneo de huella dactilar para as√≠ facilitar mas r√°pido su interacci√≥n al entrar la app, en toda la perspectiva como los menus y otros accesos directos, ddtoy absolutamente conforme con todo sus estructuras de la app BCP."
2186,"Sin animo de ofender pero es la aplicacion mas asquerosa, en cada operacion me sale error error error sin contar que demora en cargar una eternidad en cada paso en las operaciones tan simples como una recarga, me toma mas de 6 HORAS porque en todo sale error y en serio estresa, tanto dinero para una aplicacion tan bajo en serio, son un banco, mejoren su servicio."
2187,"La app es un DOLOR DE CABEZA. Salen errores de sesi√≥n, de conexi√≥n a internet y demora demasiado en mostrar esos mensajes. No hay quien ayude ni el telefono funciona, ni en el chat del banco, ni en twitter responden. P√âSIMO!"
2188,Le√≠ otras opiniones de usuarios BCP...lamentables experiencias...a mi me funciona bien ¬´AHORA¬ª pero cuando la instal√© al inicio cuando la actualizaron...me qued√© p√°lido pues ni quer√≠a abrir...luego se cerraba....luego me pidi√≥ otros datos y abri√≥. La tuve que reinstalar... al otro d√≠a...me lleg√≥ una actualizaci√≥n del sistema en mi Huawei Mate...y desde ah√≠ funciona oportunamente.
2189,"Este pobre banco, tengo doble nacionalidad, Venezuela puede el pa√≠s con la peor crisis, pero sus bancos si ofrec√≠an excelente servicio r√°pido, todo cara e kulo pero r√°pido que es lo que a uno le interesa, fluidez y este a pesar de ser un banco de supuesto prestigi√≥, n jd con esta aplicaci√≥n tan balurda crj el banco se echo la peor influencia en el mercado, que porquer√≠a. Desde que instale la app no me a dejado ingresar a mi cuenta por un error. Mala muy pero muy mala."
2190,"La aplicaci√≥n no est√° preparada para fechas cr√≠ticas, es decir fines de mes o d√≠as festivos. Estos d√≠as son cuando m√°s gente usamos la app, no funciona para nada. Sus cajeros de igual manera est√°n sin dinero. Mejorar en todo, llevan a√±os en esto ya deben estar preparados para miles de transacciones."
2191,"No es posible que si no actualizo la aplicaci√≥n no me permita ingresar, no pueden estar queriendo actualizar en tiempos tan cortos, si es as√≠ no me sirve la app y la desinstalare de mi dispositivo, no tengo m√°s espacio y no pienso desinstalar otras aplicaciones o comprar otro celular. Muchas gracias bcp por no brindar soluciones"
2192,No le doy ninguna estrella porque es p√©sima aplicacion primera vez que esto pasa en una aplicaci√≥n no puede abrirse porque supuestamente hay muchos dispositivos afilidos y el equipo solo lo resetiee y es el mismo equipo mismo numero y todo que programador tan malo. Si esto pasa con nuestro Estados de cuentas ser√≠a el colmo. Ojo con esto que no es juego es nuestro dinero que ponen en juego con estos errores tan pesimos
2193,"Desde la ultima actualizaci√≥n nonpuedo hacer transferencias interbancarias, lo desinstale y lo volvi a instalar y ahora ni abre... Una desgracia esta √∫ltima actualizaci√≥n, si van a sacar alg√∫n cambio h√°ganlo bien, es perdida de tiempo."
2194,"P√©simo no se por que cambian algo que funciona bien, parece que el BCP quiere que la gente regres√© a los bancos a hacer largas colas y perder su tiempo. No funciona para nada la nueva versi√≥n. Si est√°s decidiendo en actualizar, NO LO HAGAS!!!!! El BCP es s√∫per productivo para cobrar, pero qui√©n nos paga el tiempo que perdemos con su servicios?"
2195,Que feo esta app ahora nose puede ni actualizar lo desinstale y solo carga hasta el 79% y se queda ah√≠ y sale error porque mandan para actualizar y nose puede utilizar la app una emergencia para poder hacer una transferencia que feo. Malogram todo.
2196,"Soy el √∫nico que no puede hacer una transferencia interbancaria desde abril?? No s√© que ser√° pero desde ese mes cuando intento, me sale un avisa de que intente en 5 minutos. Y ya que ha pasado tanto, me da entender que bcp no da esa opci√≥n. Es m√°s, solo te da la opci√≥n de interbancarias inmediatas pero tampoco funcionan"
2197,"Porfavor mejoren este app, no puedo hacer pagos. Cada vez que quiero hacer un pago sale un anuncio que dice fallo la sincronizaci√≥n, configure la fecha y hora en modo autom√°tico cuando ya est√° en modo autom√°tico. Es constante este problema. Porfavor solucionen este problema"
2198,Asta cuando van a resolver lo de la app q no se puede abrir y solo sale espere en unos minutos lo solucionamos y asta ahora. NO lo hacen desde q actualizaron la app est√° no sirve nunca me Avia fallado pero ahora no puedo abrir x q dice q es compatible con los smartphone con privilegios de rooot q esta pasando x favor bcp q no solucionan el problema para bie. De los usuarios q muchos podemos estar en riesgo nuestras cuentas x estar i tentando abrir de otra formas nuestras cuentas x favor
2199,"Hasta cuando presentar√° fallas para hacer una transferencia, se cierra autom√°ticamente y no permite continuar el proceso. Deben darle prioridad a solucionar esto, ya que muchos de sus clientes trabajamos con el app"
2200,Definitivamente me gustaba m√°s la versi√≥n anterior... Si estar marcando el nro de tarjeta frontal... Se pierde mucho tiempo as√≠ y ademas que casi siempre no te permite entrar!!! Para m√≠ es un poco inc√≥modo...
2201,"Muy mala app, falla constantemente. Hoy quize pagar mi tel√©fono por el app y no pude porque me ped√≠a token f√≠sico y hasta donde yo se ahora es virtual y autom√°tico generado por el propio sistema de la app. As√≠ que no pude pagar y me tuve que quedar sin tel√©fono por confiar en uns app que s todas luces no sirve"
2202,"Ultima actualizaci√≥n lo peor que pudieron hacer, 2 dias con problemas para ingresar, tengo que intentar 3 y 4 veces y en el mejor de los casos logro entrar de resto desisto, y no aparecen algunos pagos de servicios como Pagoefectivo, uso a diario pagos de ese servicio"
2203,"una porquer√≠a de app siempre qje hago operaciones se cierra la app o en todo caso dice: ocurrio un error la cl√°sica, pero cuando reclamas por tel√©fono siempre te dicen 5 min de espera aproximadamente; sin embargo, luego de pasar los 5 minutos te cortan la llamada. O sea uno como idiota esperando para recibir esta mediocre atenci√≥n y sinceramente con otros bancos no me ha pasado"
2204,"Si pudiera darle cero estrellas, lo har√≠a. P√©sima app, se cuelga cada cierto tiempo y viernes o s√°bados nunca se puede hacer una operaci√≥n y encima en el banco nunca saben dar respuesta. Cambiar√© de banco porque me cobran m√°s impuesto y la ganancia por mantener mi dinero ah√≠ es nada a comparaci√≥n del cobro de mantenimiento."
2205,"No sirve para nada, quiero hacer un pago de servicio y siempre sale que a sucedido un error, la aplicaci√≥n anterior nunca tuve ese problema, quiero a ser una transferencia y tengo que intentarlo como 10 veces para que reci√©n se haga la transferencia, pesimo todo"
2206,P√©sima p√©sima..! Muy mala no pude hacer ninguna transferencia peor lo domingo se cae por completo ...! Y te genera demasiado estres con su msj en autom√°tico: ( TENEMOS UB PROBLEMA CON EL SERVIDOR INTENTA EN UNOS MINUTOS ) no la descargen solo es una perdida de Tiempo..!
2207,"Quiero hacer transferencias y la aplicaci√≥n ni abre, solo al colocar la contrase√±a sale ""hubo un error int√©ntelo de nuevo"" y en verdad me urge que solucionen y vuelvan a actualizar el App, ya que est√° √∫ltima ""actualizaci√≥n, fu√© desactualizar todo. üëéüèª"
2208,Este actualizaci√≥n es una perdida de tiempo y dinero ya que no permite usar el app en mi actual dispositivo. Ahora tengo que comprar otro celular y para colmo ir al banco perder tiempo a ver caras molestas de todos los que trabajan all√≠ y ver si me pueden atender. Una pena.
2209,"Demasiadooo lento, horrible!!!, es demasiado el tiempo de espera, para entrar a la app cargar un mont√≥n, para poder poner mi clave y que cargue la tecla segura carga otra vez, para acceder a mis datos otra carga, para todooooo, demasiado lento arreglen eso porfavor que estresaaa!! , bbva no es as√≠, es super r√°pido üò†"
2210,"No se puede avanzar con los dep√≥sitos, siempre sale el mensaje ocurri√≥ un error, la anterior aplicaci√≥n generaba menos problemas y te env√≠a mensaje comunicate con soporte t√©cnico y no hay un numero para llamar por las fallas estresaaaaaaa"
2211,Pesimo. La actualizacion ha malogrado la funcionabilidad. Ya no es practico. No tiene logica cambiar interfase o agregar dibujos y sacrificar lo practico que era. Encima se cuelga ya no ingresa o te realiza doble operaciones. Pesimo todo
2212,"Hola tengo problemas con esta app, quiero abrir y me sale ocurrio un problema, y es lamentable que suceda esto con una empresa tan grande y no puedan darle solusi√≥n veo que no soy el √∫nico con este problema. Antes era la incopatibilidad del android compre un tel√©fono con una version de android reciente para activar la app y ahora surge este problema. ¬øQu√© pasa BCP no hay tecnologia suficiente para darle la solusi√≥n r√°pida e instantanea?"
2213,No se merece ni siquiera 1 estrella. Una porquer√≠a esta app. Si van a realizar una actualizaci√≥n por lo menos contraten a personal capacitado para este proceso. No se puede realizar ningun tipo de consulta. Llevo 2 d√≠as tratando de ingresar y nada de nada. P√âSIMA Muy mal por el BCP.
2214,"P√©sima APP. Ingresas y te sale el mensaje: ""Ocurri√≥ un problema, nuestro equipo est√° trabajando..."". Luego por suerte puedes ingresar, colocas la cuenta y no carga el bot√≥n aceptar; sales de la operaci√≥n, vuelves a entrar; y una vez m√°s la pantalla en blanco indic√°ndote: ""ocurri√≥ un problema, nuestro equipo est√° trabajando..."". Grande BCP."
2215,"Es una app de porquer√≠a, se para sola, sale que hay problemas y que trabajan para solucionarlo, cosa que no es cierto y para colmo te hacen ir hasta el mismo bcp donde no te resuelven nada sin mencionar las colas que se hacen para recibir una atenci√≥n paup√©rrima por parte los asesores tanto telef√≥nicos y presenciales. Es un asco el servicio y ni hablar de su app."
2216,"La actualizacion es p√©sima. Ahora cada vez que quiero entrar a la aplicacion tengo que reinstalar porque me indica que mi tarjeta esta bloqueada. Y cuando entro y me pide verificaci√≥n de datos, el mensaje que envia el codigo de verificaci√≥n nunca llega. Una porquer√≠a esta actualizaci√≥n"
2217,"En estos tiempos en los que todo se maneja v√≠a online que ustedes hagan esto es con √°nimos de perder clientes. ¬øSer√° que pueden volver a la antigua versi√≥n que si funcionaba? Para que llegue el c√≥digo de verificaci√≥n son unos 40 min y si te llega, una vez que v√°lidas y cierras la app hasta ah√≠ funciono. Porque intentas nuevamente y se cierra. Ch√©vere que se quieran actualizar, pero a que costo?"
2218,"P√©sima. Para poder ingresar me dice que enviar√° un c√≥digo a mi correo pero nunca llega, he tratado de todo, desinstalar y volver a instalar y nada. Una p√©rdida total de tiempo, un banco tan grande deber√≠a contratar a los mejores, con todo lo que nos cobran. Mejor es Scotiabank. Les dar√≠a cero estrellas pero no es posible."
