Usuario,Comentario,Calificación
Paul Andrei Gonzalez,"Funciona bien 👍🏽, sin problemas hasta ahora para mi.",5
Jhojan Aquino,buena app,5
Luis Calderón,muy rápido en transferir sin salir de casa,5
John K,"¿Por qué Temu me procesó una compra si mi tarjeta estaba configurada en NO para compras por Internet?. Además, ¿por qué luego de anular esa compra al instante en Temu y reembolsar al banco, el BCP me demora hasta un mes en devolver a mi saldo ese monto, si ya el banco lo tiene desde el día 1?.",3
joaquin gonzales,muy buena,5
Cesar Velasquez,muy buena,5
Miryam Pajuelo Rios,excelente,5
Roni Saul,Funcionaba muy bien.....pero ahora no puedo instalar la app en mi celular...,4
Jimmy Mercado,El mejor banco eficiente y rápido,5
Ricardo Zames Lopez Maita,very good,5
Karla victoria GCCCHO,Innovar nuevas monedas 🤗,5
Diego Figueroa,"Soporte arregló el fallo, ya se puede transferir",5
Anthony Jimmy Carrasco Ipanaque,todo conforme con este banco ya tengo trabajando más de 5 años,4
Henrry Santa Cruz,exelente,5
alfredo Venegas ccahuana,go,5
David Fernandez,"Muy cómodo sus servicios para usarlo sin tener dificultades, Buena app",5
Moises Chichipe rodriguez,un 10 de 10buena,5
Shetefany Casas,está porquería se comió todo mi plata en los guardaditos y ahora que está fallando no puedo sacar nada de dinero,1
Anthony jonathan Carrion palpa,"no me permite realizar transferencias interbancarias, antes si lo podía hacer",1
Luis Ramos,muy rapida y facil de usar,5
Francisco Blanco,Buena,3
Juan Carlos Roque Hidalgo,excelente 👌,5
manuel montalvo villafuerte,muy buena en todo,5
Gladys Esther,Muy buena,5
Alejandro Luque,"impresora, muy bueno, se recomienda",5
Victor Raúl Navarro Atoche,la vanca mobil es muy buena,5
Bruce Vega,tengo la aplicación actualizada y sin embargo no deja realizar los pagos efectivo. pesimo...,1
Rosmery Chinchay,genial excelente,5
YESENIA GARCIA,excelente,5
Elbert tommy Odar velasquez,Muy importante,5
oscar pulgar,funciona bien,4
Elias McGonnagall,es una app que no sirve ni para nada un asco la app bcp,1
GISELLA MARTHA VIVAS QUISPE,excelente,5
raul Agramonte,es muy buena,5
Mario Sergio Roldan Aching,excelente,5
David Huamaní,el app no abre,1
Julio cesar Flores Rojas,Muy bueno y facil,5
Vicente Acho Pacaya,"si es bueno, fácil y rápido",5
Benji Flores,excelente,5
Lenin Monsalve,excelente,5
Regina Teresa Alvarado Ojeda,Exelente,5
evelyn cordova popolizio,Las transacciones se hacen rapido,5
Alejandro Juño,"La aplicación la funciona, se cierra solo no deja entrar",1
Olga Quispe,Genial,5
Jilson Madrid,muy buena,5
Katia Ojeda,"rápido,fácil y seguro",4
jesus muguerza silva,alguna solución está que se cierra no deja hacer nada uno entra y me vota ayuda,1
Lindor Lauro,muy buena.. fácil de usar y depositar,5
Percy Panduro Reategui,Lo mejor de todos los bancos,5
Benjamin Corimanya,Muy bien gracias,5
Oscar Chavez (Trascendiendo. Familia.),Muy bien,5
Susy Marilyn Horna Garcia,excelente,5
Pame DQ,Siempre se bloquea o solo sale la pantalla azul,2
Ronaldo Castillo,La app ya no abre.,1
Carlos Jose Alvarez Penso,excelente muy rapida,5
Andres Salazar guevara,exelente app,5
Sofia Martinez Quispe,👍,4
Roberto Tapara,"todo genial, pero tengo un problema cuando estoy en la sección de pagar targeta de crédito en la sección de otro monto, cuando realizó el pago me enseña la información de lo que acabo de hacer pero no me deja regresar al incio o a la misma ventana de pago, simplemente se queda en la información y para poder hacer otro pago tengo que cerrar la aplicación y así cada vez, esto no sucede si pagas con dólares.",4
Joel Angel Escalante Mamani,"funcional, de noche 12 o 1 am se cae",4
Ysaul benjamin Castro quispe,no sé porque no se me activa la compra por internet y tampoco puedo realizar una transferencia a la aplicación kashin,1
Miriam Zapata,buena,5
Fernando Zevallos,cumple su cometido,4
Lisett Vania,"hoy comenzó a fallar el app se cierra solo y sale q CONTINÚA FALLANDO, mi cel es Motorola one macro ni reiniciando funciona, por favor ayuden no se q sucede",3
Erik,muy buena,5
Jorge Gutiérrez,me pareció excelente,5
Carmen Iris Castillo Perleche,👍,5
Yosmel Vasquez Flores,Desde la última actualización esta peor ahora ni me deja entrar,5
Luis Flores,ok,4
Skc China,Su Gafera no da y ds cuando quiere,1
Ruth L.,No puedo hacer transferencias o habilitar las compras por internet. Horrible que al comunicarme con su canal de ayuda solo me responda un bot y no haya respuesta inmediata,1
María luisa AGUERO muñoz,"con todo estos temas de robos,tenemos la seguridad y la confianza de nuestro banco sigan así gracias",5
EVELYN ROSSMERY ARROYO NAVARRO,ok,5
Vivi Niquén Venturo,"El app no me deja entrar, la memoria cache esta en 0 y tengo espacio en mi teléfono, y no sale que debo actualizar.",1
Diana Carolina,tengo problemas con la app se congela y se cierra y en whatsapp no me ayudan ya hice de todo esta todo actualizado y aún así sigue fallando,1
Alfonso,está interesante el aplicativo,3
Dennis leon,muy buena app,5
Wilder Armando CRUZ TOMÁS,excelente me es más rápido para ver mis movimientos,5
Cristhiam Chunga García,muy buena la apps ayuda a realizar pagos sin comisión,4
Carla elizabeth Quispe llamocuri,bienn,5
Ceciley Acosta,facilita todo buena aplicación lo recomiendo,5
Carlos Flores Domínguez,Excelente,5
Teresa Tacza Baquerizo,muy buena,5
Jose,hay un problema no deja hacer transferencias bancarias o depósito bancario,2
Darikson C.,excelente,4
jhely hans sequeiros mendoza,práctico muy seguro y necesario para el día a dia,5
Adrian Ynga Tejada,me ayuda más rápido a poder realizar mis pagos,5
Ever Marrufo Aguirre,excelente,5
Carlos Carrillo,buena,5
Cristiansamir Peña paredes,ganar dinero en mi cuenta,5
Kevin Quispe,exelente,5
Jorge Edison Herrera Pariona,"Tengo problemas en abrir el aplicativo, se cierra inmediatamente.",1
Ajax,bueno,5
ADOLFO PALENCIA,muchas gracias por ser cliente y trabajar con ustedes,5
Alfonso Alfredo Pachas Martinez,chévere,5
Veronika Ramirez,muy bueno,5
Mirella Palomino,"No me pertime abrir la aplicación, se cierra instantáneo.",2
Evy Pio Blas,"no puedo hacer transferencia, sale ocurrió error ya son 3 días",2
Jorge Antonio Pajares Ormachea,siempre que quiero entrar se anda colgando la app y tengo que esperar 5 minutos para volver a abrirla,2
Christian Heredia,Muy bueno,5
Yinan Huaman,😃,5
María Fernanda Pino Hernández,fino 👌,5
Alexis Uceda,excelente app,5
Hernan Zenteno caceres,excelente,5
Tommy Saúl Venaute Sánchez,👍🏻,5
Gabriel Cuadros Caceres,"Cada vez que trato de abrir la app se cierra sola, no me aparece el menú ni mensaje de error",1
Kenyo Luis Tapayuri llomero,excelente aplicación para cualquier consulta en la app,5
Estanly Panaifo natorce,excelente,5
ALEXIS GUSTAVO HERNANDEZ,es excelente no cabe duda 👍,5
Juan Manuel Molina La Torre,Me parece bien.,4
Franz Jhoel Cruz Sanchez,Bien,5
Joel Coronacion,excelente atención,5
Deymethber jose Valero moreno,excelente me gustó mucho confiable y seguro,5
Darguin 4to año / matellini,No puedo habrir la aplicación. Que problema,1
María Marina Cabrera Cortes,buenas,2
Jhosselin yurico Estrella quispe,"la aplicación no quiere abrir se cierra inmediatamente y no puedo acceder a mi cuenta ,solucionar",1
Ronal Leon Chavez,"el peor bano te cobran en silencio por algo que no has echo, el 21 de este mes me descontaron 25 soles y ese mismo día otros 25 y dice ahí que es por reposición débito, si no me devuelven el dinero voy a denunciar su empresa y juro que ustedes van perder más dinero que yo",1
Luis Pintado,se cuelga a cada momento,1
Jose Valdivia,es lo mejor y rápido muy feliz,5
Juana Renata Vela Mello Vda.de Acquaviva,muy buena,5
Jorge luis Achata orellana,muy buena,5
Luis Alberto Chumbe Solano,Buena,2
LISBETH HERNANDEZ,excelente,5
Jaime Perez,muy mlslá,4
Yeny G.,excelente,5
Jessica Osorio Vasquez,muy buena me salva de varias,5
Nelly Arteaga Cortez,Lo mejor que puede existir,5
Denisse karina Moran Quijano,Es una muy buena App. Pero desde hace unos días rs imposible abrirla.,4
Werner Flores,eficas,5
maria martinez,no puedo abrir la app la e descargado y eliminado varias veces y nada como se podría solucionar?,1
Ras Aliaga,buena atención,5
Oscar Eduardo Peralta Arbaiza,Muy buena,5
Ivan Ortega saenz,"Venia muy bien la app pero desde hoy cuando intento abrirla se cierra automáticamente, intente varias veces y nada, espero puedan solucionarlo en la brevedad.",3
Jorge Gustavo,Todo perfecto,5
Jorge Jara fretel,muy buena la atención prestada gracias,5
J C,El app dejo funcionar en mi Huawei p20 pro. Antes de la actualización de Julio funcionaba sin problemas ahora no abre el app. Arreglen eso por favor,1
Armando Aldair More Viera,Buena,4
Jenny Huamani Atayupanqui,Necesitaba actualizar la información de mi correo y me salía error. Estoy volviendo a instalarla para ver si se resuelve. A alguien más le pasa eso?,3
Jessica Reyes,excelente,5
Julio marco Moran garcia,excelente,5
samuel aroni mendoza,muy rápido y factible,5
Tesi Tapullima,"se está haciendo muy lento , y aveces las funciones no funcionan",2
Jhoselyn Andia Guerrero,la app está fallando y no puedo ingresar dinero a warda,2
daniel,deberian de aceptar las cancelaciones de seguros por la aplicación,4
Wendy Villalobos P,"tengo problemas para hacer transferencia a terceros, por favor solucionen lo más pronto posible porque es incómodo ir hasta la agencia.",3
Cristian Vargas,muy bien,5
Hugo Cesar Maza delfin,Yo también estoy pasando x el mismo problema,1
Katherine Elizabeth Diaz Calderón,Regular,4
Luis Olivera,OK,5
Elivi,"Déjenme sacar el dinero de mi warda, se me regresa la página",2
Miguel Angel Cueto Benavides,Excelente 👌,5
gandy viviana castañeda angulo,exelente,5
Rene reyna Caceres martinez,buena,5
Luis Alberto Telles Chimoven,no se quiere abrir la aplicacion se cierra nomas incombeniencias con esta aplicacion,3
chocceque,Exito,5
Nirian Mozombite,exelente,5
Ivone Bartra,excelente,5
Alejandro De La Cruz,Malo,5
Walter David Baldera Montero,excelente,5
Noemí Nadeyda Pickman Fuentes,de fácil acceso.,5
Daniela Muñoz,"siempre me salen problemas al realizar pagos como""inténtaloen unos minutos""",3
Davis C,"Eh actualizado a la última versión y cuando quieres agregar dinero en los wardaditos, aparece el bug y se cierra el app.... 😤",3
Maria Julia Ampudia Delgado,No puedo abrir mi app,5
Kevin Dioses,tiene falla el chanchito,2
Ismael Lopez Agurto,"Intento ingresar a la app y se cierra mucho antes de mostrarse la pantalla de login, celular Huawei",2
ZHAO BASHA CONSTRUCTORA,excelente servicio y confiable,5
Marco paolo Abarca rosado,ok,5
Juan Rodriguez,Operaciones financieras rápidas.,5
María Rojas Navarro,"Excelente, rápido y seguro",5
Jack Sierra,Bien,5
Antonia Mondalgo torres,espectacular mejor servicio.,5
Maria Teresa Hernandez Ramos,fue muy rápido y segura,5
Hatsumi 317,"su aplicacion me gusta, aunqie se me hace complicado lo de los tokens ya que no cual es el fisico y no te lo dice la app es complicado si not e acuerdas despues de eso esta recontra bien.",5
Beatriz Del Aguila,"No se puede ingresar al aplicativo,",5
DAIVIS CIPRIANO,Excelente servicio.,4
Yerson Carvajal,Bien,5
Jesus Arturo Quispe Arapa,Es buena la app pero lo que deberían poner es modo oscuro,5
Johnny,Hola hace tres días no puedo abrir mi app Bcp. se cierra inmediatamente cuando toco el logo bcp,2
winder Rondón,le doy cinco estrellas porque con las últimas actualizaciones ha mejorado,5
Addison Cornejo Babeton,excelente servicio,5
MARIA GABRIELA PEREZ URBINA,muy buena,5
Manuel Quispe,muy buena gracias,5
Eduardo Castañeda Nuñez,Ok,5
Marisol Tito,Cada vez que trato de ingresar a la app se cierra automáticamente sin poder abrirla muy mal,1
C. Lopez N.,"Desde hace unos días no puedo usar la aplicación ya que se cierra inmediatamente, esto genera muchos inconvenientes en el uso del mismo, espero que se solucione a la brevedad. Tambien espero tener alguna respuesta al respecto. Gracias.",4
Carmen Nilda,Excelente servicio,5
susana velasquez diaz,excelente,5
Janeth Rios Vasquez,ya son 2 dias que no puedo abrir el app,1
felipe Santiago Peña Macalupu (felipe),no puedo ingresar a mi aplicación de bcp,5
Obdulia Aliaga Garay,Excelente rapido,5
Mercedes Bardales Sanchez,Estoy tratando de abrir la aplicación y abre y se cierra inmediatamente. Agradeceré solucionar el problema.,1
Andre SV,Después de esta última actualización no me permite ingresar a la App???,3
MARCIAL ELIAS,OK,5
Yhony Robles,excelente,5
Luis Rodriguez,muy bueno,5
Jorge Luis Cisneros Ruiz,muy buena,5
ines morales honores,Muy buena,5
Milagros Leiva,"No puedo entrar a la aplicación, simplemente trato de entrar y desaparece ni siquiera me da la opción de ingresar mis datos",1
Didier Valencia,No me deja descargar la aplicación sale que no es compatible deberían tener en cuenta eso,1
raul leyva rios,muy bueno,5
juan alberto P. A “lyon”,para la narración del depocito o mensaje opcional es tan corta que no deja explicar el contenido del depocito muy mala la aplicación 👎,1
Jean Silva,hasta las webas todas mis cuentas de pueden visualizar desde una sola y no hay independencia de ellas...cuando separen cada cosa tal vez volveré,1
Raul Marroquin,eficiente,4
Mery Levano,Buena calidad en su atención,5
Erik Minchola,Transacciones rápidas,5
Diego Espinoza,buena,4
Guillermo Loli,"Tengo una semana que no habré la aplicacion, la volví a instalar y sigue sin abrir, podrán solucionar el problema..",4
Jhon levi Espirilla Casio,buena atención,5
Sander Resval,La app BCP hasta va funcionando muy bien.💪🌎,5
Nercy Willy Palomino Vasquez,No me permite hacer los pagos de a la universidad 😞,3
Alex Ramos,"Mi aplicación no abre, solo se cierra",2
billi camargo,nunca había tenido problemas sien embargo hoy intenté hacer una operación de transferencia y la intentar abrir mi token me manda al inicio de la app no me muestra el token. y cuando intento hacer una transferencia me dice BM9999 ha ocurrido un error en el servicio. algo que es triste ya que necesitaba hacer esa transferencia no hay explicación de nada no me llegó ningún correo y lo peor la app está actualizada sin problemas,1
YENI PEREZ VILLALVA,excelente,5
Alexander Lopez,no se puede ingresar nada...,1
Harol,increíble está aplicación me gusta,5
Virginia Bergaray Delgado,"Llevo dias qué no puedo descargar mi banca móvil BCP, estaba funcionando muy bien, hasta que me pidió actualizar y se queda cargando hasta 25% y no levanta.",1
Amiel Cetti Oficial,super,5
David Alegria,ESPECTACULAR,5
Pedro Alcon,exelente,5
Lu Vargas,"no deja actualizar o modificar nada, ni token ni nada totalmente inútil",1
María Windsor,Hay inconvenientes con el app de bcp?... No permite ingresar al aplicativo y se cierra automáticamente 😨,3
Eva Villanueva Luna,"no me está funcionando,lo he desinstalado y lo volveré a instalar q ver q pasa",5
Augusto Maz,EXCELENTE SERVICIO,5
MEMO,Esta Aplicación es Buenaza,4
Guillermo Ortiz Noriega,Banca movil muy bueno para todo lo recomiendo.,5
Karen porras,Muy buena,5
Ricardo Ramirez,"La app estaba muy bien, pero con estas 2 últimas actualizaciones ya no recibo Notificaciones Push de las transferencias que me hacen!! solo recibo notificacion de novedades, ofertas y promociones. Ya reinicié el telefono, reinstalé la app incluso restablecí a fabrica mi telefono, pero el error persiste. Brindenme una solucion por favor",1
Maria Elena Yoshizumi I Yamada,muy bueno rapidez,5
Maria Fernandez,Todo iba perfecto ninguna queja sobre la app pero como hace dos semanas no me deja pagar servicios ni hacer un yape desde la aplicación creí que sería por unos días pero ya pasaron casi dos semanas y sigue igual A que se debería ese problema?,3
miriam condoma alarcon,buena,3
Jose Edgar Rugel Preciado,excelente,5
Adriana,"al momento de querer habilitar el token ni siquiera me permite tomar la foto, porque ni siquiera está el botón de cámara en la pantalla! solo aparece la x para cerrar esa pestaña, de verdad, cómo programan esta aplicación?",1
Ricardo Neira,"Listo, ahora si funciona 👍",4
Azucena magali Pinto cacha,muy buena,5
Jose Vera Berrocal,"Desde hace tres dias que no me permitia hacer transferencias. Y luego ya ni abría el aplicativo. Pero tras una atencion via WhatsApp, desinstale y volví a instalar el app, y ademas tuve que activar nuevamnete el toquen. Por fortuna todo se puedo hacer por el app.",4
Dina Munares calderon,para mi es interesante 🤔,5
Ronald Franck Auccaise Lopez,excelente,5
Roller Roberth Barzola Sanchez,No funciona mi app,1
Daniel Rojas,acabo de actualizar y no me permite hacer transferencia a otras cuentas de otros bancos. necesito una ayuda para poder realizar todas las operaciones.,3
Elena Ghiorzo,exelente rápido efectivo en una emergencia muy agradecida😊,5
Edward R,La mejor prro,5
Richard Valles,"Hace días no permite hacer transferencias,ni pagos de servicios...",1
Jonathan Allcca Raqui,muy buena aplicación,4
Gaby Salazar,excelente pero las transferencias deberían salir con nombre en la app,5
andri eriza,Muy bueno,5
Marlene Pastor palacios de ochoa,muy excelente,5
Luis fernando Mesa,excelente,5
Kaoru Cashú,funciona pero ando está fallando,3
Carlos Enrique Falvy Davis,buenas,4
Juan Pablo Valdivia Benavente,good x2,5
Diana banderley Davila flores,muy buena desd q empece a usar.. td bien ningun problema asta el mmnto,5
Artfel CMG,Excelente,5
Emiko Mia Gomez Valles,"Tengo una duda e ingreso al bcp chat de WhatsApp y se demoran en responder a mi consulta, pésimo servicio",1
Brian William Coronel Jiménez,ESTOY TRATANDO DE INGRESAR A LA APP Y NO PERMITE.... CARGA Y LUEGO SE CIERRA.... ALGUIEN QUE PRESENTE LA MISMA SITUACIÓN.... OH QUE SOLUCIÓN HAY?,1
Robert valdivia olivares,muy bueno,5
Hidalgo Zavala,Servicio muy bueno,5
Juan Carlos Mendiola,Desde el sábado no puedo ingresar a la app del BCP. Han actualizado la versión por otra más actual???,3
Angelo Chumacero silva,buena,5
RICARDO D,"El app presenta fallas casi siempre, se queda cargando con la pantalla azul que dice BCP y no hay cuando se pueda poner la clave para el acceso, tengo que cerrar la app cada vez. Un detalle importante, no te muestran cuanto desgravamen te cobran mensual por el uso de tarjeta de crédito, actualmente otros bancos de perú ya tienen esa opción en su banca móvil, Pero BCP no está corrigiendo .. pd: Hay que descargar el estado de cuenta de cada mes par tener que ver cuanto desgravamen te cobran",1
Hydee Canahuire,Todo genial,5
Joaquín Emmanuel,deberían integrar la opción de desbloqueo de huella digital o face id,4
Edwin charles Barahona eguavil,muy bueno,5
Sierra Berrio Yeni Sara,excelente 👌,5
Alonso Caballero,Excelente,5
Francia Gonzalez,excelente,5
victorios hotel,"la aplicación es buena, PERO NO PUEDO PAGAR ESCANEANDO EL QR DEL BANCO BBVA CONTINENTAL , ES MUY FRUSTRANTE IR A VARIOS ESTABLECIMIENTOS Y QUE TENGAN SOLO EL QR BBVA Y ESTA APLICACION SIMPLEMENTE NO LEE EL QR, DONDE QUEDO LA INTEROPERATIVIDAD.",1
Maribel Dezar montero,Excelente nos facilita mucho,5
Elsa Guevara Rodas,No puedo abrir mi aplicacion,1
David Apaza Coila,excelenete,5
Carlos Enrique Flores Lama,"excelente, pero demora mucho en ingresar uno, todo sea por la seguridad",5
Maria Alvarado,Felicitaciones por la Aplicación,5
Edicto Aguiar,Buena,5
Raquel Elena Guimarey Calderon,"Desde el día sábado no se puede ingresar a la aplicación, tenía pagos de letras y no es posible hacer los pagos porque la. Clave virtual no se puede obtener, corrijan el problema",5
Jose Ramos,muy bueno.,5
Gabriela Ferrer,buen servicio,5
BERONICA SANDOVAL,Muy buena y rápida la atencion,5
Alondra Flores quispe,rapida,5
Luis Diaz Cuba,buena,5
Carlos Gutiérrez,excelente,5
Los Pinos Restaurant,ok,4
Barra Quispe richard Abel,"Aplicativo basura, ingreso al aplicativo y se cierra solo. Arreglenlo hagan algo decente.",1
Marcus Fenix GW,"es buena aplicación, fácil de usar",5
David Q.,No puedo activar y desactivar las compras por internet desde el app 😡,1
Alonso Santiago Gutiérrez Rivera,Me parece muy útil. Espero que sigan mejorando esta app.,5
La vida de Dostin,excelente,5
Geiner Joel Medina Chacon,excelente,1
Atilano Becerra,💪👍🚀,5
Christian Avila,"la app se cuelga últimamente y se cierra, no puedo hacer ninguna operación, no cambiaré mi puntaje hasta que no resuelvan el inconveniente",1
Ana Maria calagua,hasta domingos funciones muy bien 👍,5
Elmer Dennis Cobeñas Julca,útil,5
Lenin Max Pumarrumi Piña,Exelente app,5
Esthefany Martinez,ok,5
Ocatviorafael Rodriguezcastillo,muy buena experiencia 2,5
Cristhian Pérez,"Esta última actualización qué oculta el saldo no me parece nada bien, quiero q se vea el saldo al entrar a la app",5
crhistian bazan,"últimamente está fallando muchas veces, no permite el acceso al app",2
Nayely Espinoza,"Salvo alguna ocasion funciona bien, pero no entiemdo para que incluyeron los beneficios en la app, con tanta inseguridad yo no saco el telefono donde la tengo instalada a la calle igual hacen muchas personas, ahora no puedo usar los beneficios, es como que quisieran que no los usemos.",3
JeanF,No apertura la aplicación,1
Angel Talavera H.,"Deberían permitir, realizar giros nacionales desde el app, así mismo poder tener acceso al historial de operaciones, mediante descarga en PDF al correo afiliado en el app.",2
AXEL INGA,"Tengo problemas en abrir la aplicación hace 2 días, tengo por hacer transferencias y no puedo. Por favor ayúdenme",2
Jhon Jairo Cajas Laurencio,mejorar el guardadito no tiene sentido habilitarlo y va seguir reflajando el saldo,3
Edilberto Gutierrez Cotrina,excelente,5
Alexander Vilca,NO puedo hacer yapes del aplicativo BCP,3
ivan reynaldo paz flores,muy buena app,5
Romario Huaman mariño,muy bueno,5
Juan De la ceuz,es muy buena,1
Ronaldo Tello,muy buena aplicación,5
Ever Cueva Quispe,muy bueno,5
Isabella Mondragon Panta,buena,5
Victor Chapoñan Delpilar,por que no pode conswguir um prestamo de su aplicación ?,5
Gonzalo Rengifo,super genial,5
Segundo Diaz,muy buena,5
Jhonathan Tulumba,muy bueno,5
Wisleidy Rodriguez,"muy buena me gustó, las transferencias se hacen rápidas y seguras",5
Isela GC,bien,5
Elvis Silva Garcia,buen,5
Javier Carrasquel,muy confortable y rapidez,5
Cecilia Moreno,terrible en estos momentos no funcionan,1
Arcadio Crus,buena la apk,5
Carlos Augusto Merma Fuentes,bueno,5
Franco Donato Lope Quispe,good,5
Yordan Luque,Buena app,4
eduar rimarachin Salazar,bien,4
Raúl Laos,"App amigable, pero obliga a que todas las cuentas que uno tiene se vean allí y por tal motivo tengo mis ahorros en otra entidad financiera de la que no he bajado su App",4
Rosario Yarasca,Bien,5
César Jean Pierre Valqui Bardales,genial,4
Oscar Cobo,buena,4
Teo Rímac,excelente 👍,5
Eber Alex Luque Quea,la peor banca móvil 😡,1
jeanpool Coro nado,👍🏽,5
Massiel Aragon,buena,4
miguel alfonso heinicke yañez,"Me molesta tanto cambio a cada rato y tanta clave, demasiada perdida de tiempo para el usuario.",1
Lidia Magali,no pued transferir dinero sale error,2
Roly Espinoza,muy buena,5
Mayra Huillca,muy buena,5
Oscar Rodriguez,la mejor del mundo mundial,5
JOSE MIGUEL TREJO,Una aplicación segura y facil de usar,5
Ridber Miguel Rodríguez Sánchez,"Si aplicación no sirve, el token digital se para desicronizando y no te deja transferir dinero, para solucionarlo tienes que reinstalar la app y si quieres hacer transferencias tienes que esperarte hasta el día siguiente ya que al de sincronizarse detecta como actividad sospechosa cada transferencia fallida y suspende tu cuenta por 24 horas.",1
David Gabriel Castro Atoche,fácil de usar,4
Juan Flores,hace una semana que no puedo hacer ninguna transferencia,1
Manuel Enrique Zegarra Ortiz,No sirve. Pido toquen digital.. Y el app me saca de la página...,5
Gloria maria Tineo mateo,muy 👍 buena esta banca,5
Abram Pereira,Excelente.,5
Yuri Rosmery Mamani Gutierrez,excelente 🥰,5
Diego NC,"Tengo un problema, no puedo ingresar a la aplicación, coloco mi clave y se cierra la app. Necesito una solución al respecto. Pésima aplicación.",1
ottoniell Omar Sanchez Teruya,Muy bien aplicativo,5
jean piers montero pizarro,genial 👍,4
giancarlos mejia gonzales,Muy buen app,4
Alejandro Lengua Vega,"cuando funciona, funciona bien",3
maria del carmen cardenas s,plataforma practica rapida,5
Neyder Villarreal ramos,Bueno,5
Nelson Chahuayo chaco,Muy buena,5
Bdjdufhdje,muy buen servicio gracias,5
Angeloh Guillen,Antes funcionaba mejor!,1
JOSE ANTONIO RAMIREZ CHAVEZ (GATO),buena app,5
Olga celina Córdoba cruz,La app es muy buena la recomiendo,5
Berlinda Justo Villanueva,muy buena,5
Denis Juarez,Tengo problemas para istalar mis.aplicaciones y autulizaziones ayuda,4
Jaime Ledesma,"Me facilita los pagos , gracias",5
Evans Mejia Tocto,Excelente,5
Brayan Chavez,todo ok!,4
Oscar A.,rapidi,5
jericor reyes,buena,5
josé Navarro,Muy amigable,5
Liam Cazal,muy bien excelente,5
jose luis villasis isack,efectiva aplicacion,5
David Emilio Huaynalaya Muniz,"Fácil, rápido y seguro.",5
PERU DELFIN TOURS,Gracias por el Proceso,5
Jaqueline alexandra Divizzia motta,"mi experiencia es muy buena , practica y sencilla.",5
Daniel jesus Basan Castillo,Exelente,5
Carmela rosa Fernández vargas,bien,3
Nelson Gutiérrez Guzmán,Si muy buena aplicación para que solucionen cualquier consulta,5
Rowex X,sigo sin solucionar el mismo problema la app se cierra,1
Lennyn Correa,que es lo que pasa conmigo por dios es increíble,1
Marlon Alberto Abreu Sequera,funcional y rápida,5
Jampier Reyes Ramos,excelente,5
Everson Gonsales,muy bien,5
Jorge luis,buena,4
Alicia Valero tacay,pésimo para pagar servicios siempre me sale espera un minuto,1
Brigitte Rodrigues,muy biena l,5
césar aldo Noriega Amaringo,excelente,5
PoOll Cruyov,RECOMIENDO,5
Francy Rangel,excelente,5
Preciosa Gacela,excelente,5
Edelina Inocencio,confiable,5
Elizabeth Ortiz,excelente,5
jhosselin huaman gomez,esta lento,3
Pelagia Cárdenas,me facilita la vida,5
Luis Felipe Teran,"Cada vez que intento hacer una transferencia o pago, sale error y no permite realizar la gestión",1
Magaly Tagle Bonifacio,mala experiencia no me deja abrir mi aplicativo de bcp a mi celular me obligan a tener clave de bloqueo y Yí no quiero no me gusta tener en mi celular clave de desbloqueo cada vez queno lo uso,1
Hugo Wong Lugo,Excelente,5
bisbeth lopez zegarra,bueno,5
Juana Marisol Suxo rosa,Buenosmuh buenos,4
emanuel moncada valer,muy buena,5
Manuel Quijaite luna,lo mejor en bancos,5
Fernando Sanchez,Ágil e intuitivo,5
Rene Balabarca tinco,funciona bien,5
Chavez Abel,Funciona con total normalidad.,5
Darwin Castillo,excelente,5
Frank alex Rojas trunillo,buen banco,4
Jhuber Mercado cerron,Rápido,5
Elía yorlenis Esquivel cochachin,excelente,5
FRANCISCO FERNANDEZ,excelente y util,5
eberson duran,muy buena el BCP muy útil,4
Luis Juarez bautista,bueno,5
Paul Arturo Rodriguez Gonzalez,Excelente,5
josezito Chunque,excelente,5
victor hugo,ok,5
Saul Hernandez,"Volví a actualizar y se mejoró, pero hay un error que no corrigen aún. Trato de activar la biometría para poder confirmar las transacciones con la huella y dice que no es compatible con mi dispositivo. Lo cual es un error, ya que es un Redmi Note 9, y con otros bancos está trabajando la biometría excelente. Por favor, corregir ese error para cambiar comentario y poner 5 estrellas de calificación.",5
Mayumi Garcia,Bien,5
Paulino Paico coveñas,BCP lo maximo,5
julio César Labeguerre Incháustegui,No funciona a cada rato se apaga.,1
Liliana Maribel Tolentino Corro,Bien,3
Marco Blas,"no puedo yapearme o hacer pagos, ni pedir token digital, sale error y nada",2
Iván Marquina,accesible la app.,4
Jaime Hernández aspajo,bien,5
Seeler Danilo Herrera Renquifo,muy bonita experiencia y rápida transferencia 👍,5
christian mendieta,bueno,4
Manases Morillo payajo,no sé abre .. el aplicativo,1
Aaron Cuellar,muy buena,5
Christian Paz,"no me deja ingresar, directamente me expulsa",2
Ely marlene Zerpa paucar,😊,1
Jaime Jaime,mala,1
Esli Enco,muy confiable y práctica 😃,5
Andrea Ayala,La aplicación de Bcp muchas veces se malogra y piden muchas actualizaciones y eso incomoda al usuario,1
Gecter Gabriel Vega Perez,muy buena,5
Edhinson Williams,muy buena app,5
Javier Flórez,Todo funciona bien!!!,5
Williams Herrera Llashag,muy buena y eficaz,5
Holderlin yupanqui javiliano,Muy buena,5
Celia Villena Calvo,"Me encanta trabajar con el BCP, mientras por mi parte cumpla con lo pactado con él bco, ustedes también se han portado muy bien conmigo, siempre lo he dicho y mientras trabajemos justamente lo seguiré diciendo, gracias.",5
Eder Cristian Aquise Guerra,bueno,5
Jesus Ticona,recomendado,5
DJPaolito Ucayali pinedo,pertenecer,5
Carlos chavez castro,muy buena,5
Daniel Rivadeneyra,Servicio eficas,5
WILIAM A. RJ,ok,5
zully jazmin moreno carlos,"a pesar que configuro mi tarjeta para evitar compras por internet, han habido veces en que algunos aplicativos se han cobrado sin mi consentimiento, es la unica queja que tengo, porque todo funciona bien.",2
Mercedes Zagaceta Sanchez,Excelente,5
kokil huisa huamani,es muy biena la atencion gracias,5
Gazebo Tejidos Artesanales,fallando,1
Jose Luis Lazo Ucañan,muy genial,5
Miguel Isla Lopez,super rápido y facil,5
Wilman segundo Huaccha Salazar,muy buena y segura,5
Sofia Guerrero ojeda,excelente,5
Charo Rosario,me encanta,5
Adela Calle,hasta ahora todo bien,4
ariana,muy útil 10/10,5
Marina Laos,todo Ok,5
Permo jorge Vasquez Otayza,muy buena,5
Felix Fernandez Herrera,es muy tedioso,3
Mancho Carrasquin,es una forma rapida de hacer transferencia s,5
Milagros Camejo,excelente,5
Jando Condori,muy bueno para el trabajo,5
Ricardo Gallegos Nina,"desde ayer no puedo hacer pago efectivo, igual intente en banca por Internet y nada, que paso?",1
teodoro benjamin febres condori,muy buena 👍,5
Carlos Enrique Leiva Briones,No sé puede descargar la actualización y por ende es imposible utilizar el apo,4
WILINGTON VERGARAY SALAZAR,no puedo ingresar,1
Andrea Gil,"no me funciona desde hace unos meses, instalo y desinstalo y nada :(",1
Rossy Tolentino,es dificultoso,1
Angel Amaro,no se puede ingresar con huella digital,3
Ruben,Deben de poner un notificado de deposito,3
juan jose guevara gomez,Bien,5
Maribel Puquio,Genial!!,5
Gen,"Pésima aplicación, lo peor es que el banco no te deja hacer nada a tu cuenta fuera de la app, y la app no te deja entrar si no le das los datos de tu cara, no hay más opciones, entonces o me das datos de tu cara o no te dejo ver tu cuenta un claro chantaje",5
Ronal Santa Maria,lo maximo,5
Sarela Castillo,muy bien,4
Edgar Arias,No pude ingresar,1
OLGER CRUCES FERNANDEZ,rápido,5
Rodrigo Castro quispe,excelente app,5
Lucia Gomez,ok,5
Roger Junior ccoa flores,mejoren los detalles de movimientos de la cuenta es la única aplicación de banco mas basica,1
Graciela Gonzales,no abre rápido,1
Jean Carlos Ipanaque Francisco,"Estoy presentando muchos problemas como no me deja activar o desactivar compras por Internet, además que no funciona la opción retiro sin tarjeta",1
anthony jean paúl soriano silva,Porque no se puede descargar la app en el equipo Huawei y7 2019,2
Elar Jhair Sants,muy buena y el muy rápido de ingresar,5
Yelitza Judith Huaranga Reyes,muy bueno,5
john rojas,no me deja ingresar,1
Enrique BMoran,"como es posible que no lleguen las notificación de una transferencia recibida o de algún yapeo, porque yo uso yape desde el app",2
José Luis Hernández (q8ïoï8p),Perfecto 💯💪🏻,5
Kusi Huamani,entro a la plataforma y mi pantalla se pone blanco y negro...,1
Zoraida Velasquez,Muy bien gracias,5
Anjali Solis,pésimo servicio,1
Samuel Camborda,"no funciona adecuadamente, se cierra al Apple y no da solucion",1
Kristhoper Sulca Menor,Excelente App,5
Luis Alberto Huamani Estrada,No pasa nada falla mucho,1
Kevin Mozombite,Bueno,5
Aldo Yaresi,éstos últimos días la app tiende a cerrarse al momento de ingresar mi clave de internet.,1
Pablo Valerio Mellado,genial,5
Evelyn Margoth Gómez solorzano,genial servicio,5
Yrenion Chipana,Gracias BCP,5
Carlos Salcedo,Buena app,5
El Tio Freeman,"Todo bien , se pueden hacer tranferencias y todo, la recomiendo",5
A. Aldair. P. C,"no me envíen al navegador por que no pondré mis datos en una página farmeada, dejenme iniciar sesión desde la app",1
Milu Rivas,muy bueno,5
Gustavo Palomino,Muy buena,5
Luzmila Gladys Romero Cabanillas,hace como 2 meses instalo reinstalo y sigue fallando ya no sé qué hacer con el aplicativo,2
Jesus Ore neyra,Muy buena!!,5
Jhan pold Chunga Periche,bacan,5
Javier Diaz,Exelente aplicación,5
Roger alberto Barrantes Vasquez,muy bien,4
Rubinho,"chevere tu servicio para actualizar, arregla esa porquería",1
