id,comentario,etiqueta
1401,PESIMO!!! Desde que se actualizo ya no te deja entrar siempre hay problemas y te manda a ingresar por la web. La app se volvi贸 completamente in煤til y hay que poner tu n煤mero de tarjeta a cada rato ya no te deja poner la opci贸n de recordar tarjeta. P茅simo x1000 vuelvan a la anterior versi贸n est谩 NO SIRVE!!!!!!!!,authenticity
1402,"Mala, muy visual pero poco 煤til, el ingreso de los valores no sigue la l贸gica habitual, demora en procesar y para algunos pagos de servicios lanza error o problemas de conexi贸n de Internet cuando antes los ejecutas sin problema, retrocedieron con esta app.",not_applicable
1403,Cada vez que quiero ingresar indican que mi tarjeta est谩 bloqueada. Ya voy instalando y desinstalando como 5 veces aprox y a煤n as铆 no logro acceder. Cada vez que instalo me piden nuevamente activar el token cuando seg煤n sus caracter铆sticas que describen en la web eso ya no es necesario. Muy mal.,authenticity
1404,"La nueva actualizaci贸n ha complicado las operaciones. Lo 煤nico salvable es la opci贸n de compartir la constancia de operaci贸n por los medios de chat (WhatsApp, etc). Vuelvan a su anterior versi贸n. Esta no funciona!",not_applicable
1405,"La App ha estado da帽ando mi equipo desde ya una semana, estaba calentando de forma descontrolada mi equipo, al punto que tuve que formatear mi celular y segu铆a teniendo este problema. Cuando vi que estaba consumiendo tantos recursos la App del Bcp estaba ocupando un 200% de recursos. La desinstale y mi celular volvi贸 a la normalidad. Esta App es nefasta",resistance
1406,"La ultima actualizacion es nefasta, que les pasa, la anterior era practica y sencilla, en vez de mejorar algo han hecho lo contrario, por poner imagenes y caricaturas para infante, no han mejorado en nada. Su aplicacion era la mejor de todos los bancos que habia en el Peru. Ahora ya no lo es.",not_applicable
1407,En las 煤ltimas dos semanas la aplicaci贸n ha estado fallando . Abro la app y se queda cargando por unos minutos y me sale que ocurri贸 un error y no me permite ingresar e desinstalado la app y sigue estando con el mismo error . Espero puedan mejorar pronto ese problema .,not_applicable
1408,"1 estrella es demasiado porque despu茅s de cada actualizaci贸n del App, esta empeor贸 y lo peor de todo que tambi茅n afecta a la transacciones por la web. Actualmente me piden que vaya al banco por segunda vez para activar el token digital y Uds. Lo que est谩n haciendo es exponer a las personas al contagio porque tengo que formar una cola inmensa para que me atiendan.",authenticity
1409,"Esta aplicaci贸n est谩 Maaalllll .... tiene demasiado horrores.. entre ellos si entras en la app , sales e inmediatamente buelves a entrar te da error. No abre la aplicaci贸n. De por si no tiene una opci贸n para cerrarla... lo otro dentro de la app la malloria de las veces tratas de entrar a los movimientos de cuentas o tarjetas y casi siempre sale con que ""ocurri贸 un error """""" y no carga la informaci贸n. De verdad es demasiado molestosa esta app la uso por obligaci贸n. Preferir铆a la anterior ...",not_applicable
1410,"No s茅 que pasa con la app. No deja hacer pagos por transferencia a terceros, me sale: ""ERROR ME-1315 No se pudo completar la operaci贸n. Verifica el estado de las cuentas y tu saldo disponible"". Ahora tengo que exponerme a llevar efectivo y pagar, es una molestia tremenda. Solucionen!!!!!!!!!!",not_applicable
1411,"Ten铆an que dejar la aplicaci贸n anterior, est谩 no sirve para nada, es que ni abre, al descargarla en intentar ingresar dice que presenta fallas,me toc贸 desinstalar la,las cosas se hacen para avanzar y mejorar no retroceder a algo que no es funcional y que no sirve en realidad...!!!",not_applicable
1412,"La aplicaci贸n es buena, pero constantemente tiene problemas al momento de ingresar, luego si es que llegas a ingresar y quieres hacer transferencias pide token digital y tienes que salir de la aplicaci贸n y anotar. Espero solucionen pronto las fallas",authenticity
1413,"Si van a actualizar algo debe ser para mejorar, acabo de actualizar la aplicaci贸n que me iba de maravilla ya que la uso mucho y resulta que con esta nueva actualizaci贸n ya ni siquiera me deja entrar y me sale error a cada rato cuando intento ingresar. Por favor corregir ya que en estos tiempos es necesario la app. Gracias!",not_applicable
1414,"Horrible! Horrible! Me para botando de la aplicaci贸n cuando intento hacer transferencias y me tiene harta el mensaje de ""el teclado no carg贸 adecuadamente. Vuelva a intentar"". Desde que actualizaron la aplicaci贸n todo se ha venido abajo!",not_applicable
1415,Nada intuitiva...que mala actualizaci贸n....como la cuenta de destino aparece primero y la cuenta de origen despu茅s..es al reves..ni siquiera se les puede poner nombres a las cuentas para poder identificarlas..no puedo ver el detalle de mi tarjeta de credito..tengo que entrar en demasiadas opciones para verlo....por otro lado se cuelga a cada rato..dice que no tengo acceso a internet cuando si lo tengo..no llegan las notificaciones de las transferncias.. p茅simo trabajo de UX.,accountability
1416,"Un asco de aplicaci贸n. Cobran por todo. Por todo. Deber铆an de aprender del banco Interbank ellos si han sabido crear una app muy superior, de mejor interfaz, eficiente y sin rodeos enfocado en la atenci贸n al cliente y al nulo lucro de nuestro dinero por cada movimiento que hacemos. Ineptos y acaparadores.",not_applicable
1417,"Terrible, no es la primera vez por eso p煤blico mi opini贸n. Quincena y fin de mes el sistema no me permite realizar desde mi aplicativo del celular pagos y/o transferencia a otras entidades y me da excusas rid铆culas: que no tengo internet, o que han tenido un peque帽o inconveniente vuelva a ingresar, etc, etc. y la soluci贸n no es ingresar a la p谩gina de internet porque para eso est谩 el aplicativo m贸vil, si no, mejor lo desinstalo. Que l谩stima.",not_applicable
1418,"Dice que funciona en Android 7.0 y posteriores, dice la app que es compatible con mi celular y al entrar dice actualiza sistema operativo y no me permite usarla. Mala app para lo q ofrece, ni que tuviera hartas funciones multimedia para exigir tanto y no cumplir con las caracter铆sticas que pide.",not_applicable
1419,"Este aplicativo es una basura, me di贸 error para un pago de servicios, me pidi贸 revisar mis movimientos y saldo disponible para ver si se hab铆a efectuado. No hab铆a ning煤n movimiento reciente y mi saldo continuaba igual, proced铆 a repetir el pago, todo fue ok. Luego de un raaato se descont贸 el monto una vez m谩s, es decir, se descont贸 dos veces. Llam茅 al banco y me dijeron que no pod铆an hacer nada por ser un pago de servicio. Son una porquer铆a!! deber铆an responder por sus productos defectuosos!!",integrity
1420,Pesimooo no puedo realizar mis pagos siempre tengo que reinstalar. Mas alla de una aplicacion se habia convertido en una herramienta.... Ahora desordena mi dia a dia. Hasta cuando piensan darle solucion. Actualizacion.. Pesimooo pesimooo pesimoooo desde el a帽o pasado sigo con los mismos problemas asi me haya cambiado de celular increible... Pareciera que con esto obligaran a migrar.lamentable,not_applicable
1421,"Desde la nueva actualizaci贸n, quitaron la opci贸n de recordar el n煤mero de la tarjeta. Sigue guardada mi sesi贸n anterior y cuando quiero colocar mi nuevo n煤mero de tarjeta, tengo que hacer un proceso largo para poder ingresar y no aparece la opci贸n de guardado. Cuando quiero apretar en mi perfil de la app, sale que se detuvo la aplicaci贸n. Realmente esta app tiene demasiadas fallas y no hay una soluci贸n.",authenticity
1422,"La aplicaci贸n no carga. Ni siquiera de forma lenta. Muchos d铆as con el mismo problema. En la Banca por internet te piden la clave Token para completar una transacci贸n, la misma clave que s贸lo aparece en la app que no carga. Una burla al usuario. Espero de coraz贸n que otra entidad los hunda en poco tiempo, INEPTOS...",authenticity
1423,"Todos los d铆as, sin fallar ninguno, sale el aviso de ""Ocurri贸 un problema!""...estamos trabajando para solucionarlo.....es una App poco estable. Encima si uno hace una operaci贸n por la web y pide el token digital...de donde lo obtenemos si la App no funciona?",authenticity
1424,"Muy buenas tardes, si en verdad que la anterior versi贸n estaba mejor, es cierto que toda actualizaci贸n es para mejorar, pero nada en el momento que m谩s necesito usar la app no puedo, me dice danos unos minutos y nada de nada. Mejor es volver a la antigua versi贸n .",not_applicable
1425,"Tengo m谩s de 30 d铆as que no pueden solucionar el problema con la app que cuando ingreso me sale el mensaje ""Ocurrio un problema, nuestro equipo est谩 trabajando para solucionarlo..."" La verdad llamado m谩s de 20 veces a la central y me han dado una serie de cambios y al final sigue igual. Creo que deber铆an volver a la versi贸n anterior. La verdad me voy a cambiar de banco porque todas mi transacciones y pagos los hago por este medio y m谩s ahora por la pandemia...",not_applicable
1426,"Ingreso despu茅s de 1 semana al app y veo nueva interfaz de acceso, algo que me causa desconfianza ya que ni en app store veo la actualizaci贸n de las nuevas interfaces. Adem谩s que ya no colocan los 4 primeros d铆gitos de la tarjeta como lo hac铆an antes. Donde encuentro un manual actualizado??",confidentiality
1427,"La nueva actualizaci贸n es fatal, aveces me saca del aplicativo cuando trato de hacer una transferencia, el token digital me lo borro y no puedo vincularlo, su interfaz no me agrada y presentan m谩s problemas de los que mencion茅, p茅simo.",authenticity
1428,"Hij0s de put4 estoy hasta los huevos de que cambien la interfaz de la aplicacion cuando se les antojen no pregunten y encima me desconfiguren todo , y cuando quiero volver a entrar, a pesar de que actualize mi correo e veces, me sigue saliendo el mismo correo antiguo, su area de desarrollo de app no saben lo que hacen",not_applicable
1429,"Descargue su apk, tarde horas siguiendo los pasos, despu茅s que acabe supuestamente todo estaba listo, lo intente abrir, y sali贸 que ten铆a q poner un c贸digo que lo enviar铆an a mi correo, fui a mi correo (por cierto no hab铆a nada) lo busque y lo busque (mejor dicho reenvi茅 hasta q por fin se dignaron en enviar en c贸digo) y cuando lo pongo sale q es incorrecto, as铆 estuve hasta q me dijeron que me hiban a bloquear, definitivamente su porquer铆a no sirve para nada, hacen perder tiempo por las puras.",authenticity
1430,"Pago mis servicios con esta app, y debido a eso, no pude pagar una cuota que deb铆a a enel, ya que, en esta app no me aparec铆a las cuotas completas que deb铆a. Aparte de eso, me gustar铆a que se pudieran pagar los servicios las 24 horas al d铆a, sumando a esto, que deber铆an agregar la opci贸n poder hacer giros a nivel nacional a trav茅s de la app.",accountability
1431,"P茅simo, se cuelga la aplicaci贸n, no puedo ver mi estado de Cta. Ni hacer transferencias y peor hacer pagos de servicios...para qu茅 actualizan, bien estaba con la anterior aplicaci贸n, ahora mucha tonter铆a, accedo y me dice que tienen unos problemas y que espere unos minutos y la misma tonter铆a ",not_applicable
1432,"Desastroza, es lo que puedo decir de la experiencia con esta actualizacion de la app. Es sorprendente como una entidad que maneja millones, no pueda dar la talla solucionando el problema. Si tienen que hacerla otra vez, pues h谩ganla, pero no nos paseen con que tiene que reiniciar, o tiene que hacer tal o cual cosa.... nos piden que evitemos ir al banco, pero al final lo tenemos que hacer, porque no hay manera de que funcione la bendita app. Ojal谩 se pronuncie alguien del banco y se disculpen...",accountability
1433,"Una vez m谩s BCP decepcionando a sus clientes con este aplicativo tan p茅simo. Si van actualizar un aplicativo debe ser para mejorar la experiencia del cliente / usuario y no por el contrario, este aplicativo es el peor de todos solo brinda una mala experiencia porque la mayor parte del tiempo no se puede ingresar y presenta problemas.",not_applicable
1434,"Por favor retomen a la versi贸n anterior no entiendo por que requiere que mi ""actualice mi sistema operativo"" si solo han mejorado la est茅tica. Desde cuando sacrifican la funcionalidad y compatibilidad por la est茅tica de un programa, llevo varios d铆as a la espera.",not_applicable
1435,"Que est谩 pasando con la app de BCP que est谩 fallando 煤ltimamente...ya no abre se cierra autom谩ticamente. La he reinstalando y sigue igual...adem谩s llam茅 para que me den soluci贸n se di贸 al d铆a siguiente pero vuelta sigue as铆. Hoy amaneci贸 con la falla de no abrir...por favor denle soluci贸n a este problema lo m谩s pronto posible, ya que estaba pensando que era mi equipo celular pero leyendo los comentarios veo que no es as铆.",not_applicable
1436,"P茅sima la nueva actualizaci贸n, para hacer un pago me sale mil veces que ocurri贸 un problema, tengo que estar reiniciando y ni as铆 carga, esta era la mejor app que tenia porque pod铆a hacer mis pagos con mucha rapidez, ahora a duras penas funciona, espero solucionen eso r谩pido.",not_applicable
1437,"Con esta nueva actualizaci贸n sale error l momento hacer los pagos de mis cr茅ditos Bcp y luego reviso la cuenta y si se realiz贸 el pago. Otro tema es que cuando quiero hacer pagos de otros bancos me sale primero la cuota de noviembre y luego la cuota de octubre, solo puedo pagar octubre si es que selecciono noviembre ... Y como voy a pagar de esa manera ... Yo solo quiero pagar octubre ... Deben de corregir eso ... Y agregen el men煤 que ayuda mucho",integrity
1438,"Muy mala experiencia, no deber铆an instalar autom谩ticamente aplicaciones Beta, sin que hallan pasado por un control adecuado. Esta nueva versi贸n falla constantemente y no hay forma de regresar a la versi贸n anterior.",not_applicable
1439,"No puedo creer que la aplicaci贸n no est茅 tan bien optimizada, que rid铆culo es tener problemas con una app que se cierra constantemente en un celular de gama alta... Antes iba de maravilla, ahora lo 煤nico que trae son errores.",not_applicable
1440,"Cuando se actualiza, se borra los datos, adicional que en mi cuenta empresa permiten 2 dispositivos y ahora que se borro los datos y vuelvo a entrar me impide hacerlo, nuevamente a acercarme a plataforma, perdida de tiempo total. Pensando en cambiar de banco a mis asociados.",authenticity
1441,"Excelente Pero en problemas es que no me deja actualizar por favor corregir y gracias Arreglar sin tener inconvenientes al ingresar el app es muy importante para todos que necesitan verificar cuenta, transferir y pagar por este medio La actualizaci贸n se debe hacerlo los primeros 3 meses luego de usar por primera vez me explic贸 lo instale hoy y ma帽ana ya no deja funcionar y pides actualizar inmediatamente esto no es as铆, por eso debes tomar en cuenta d eso",not_applicable
1442,"Esta aplicaci贸n no funciona bien. A veces no inicia sesi贸n durante el d铆a, si desinstalo, tengo que ir de nuevo a una agencia para afiliar mi celular para el token digital. La interfaz de usuario no es amigable y practico, tiene michos pasos. Si uso esta aplicaci贸n es porque tengo contactos que tiene cuenta BCP y reniego cuando tengo que transferir y seguir todos los pasos y de remate es lento para todo",authenticity
1443,"P茅sima la aplicaci贸n con la 煤ltima actualizaci贸n, se cuelga y manda mensajes de error, hoy me envi贸 mensaje de que una transferencia no se pudo realizar y me dio la opci贸n de reintentar lo cual hice y me volvi贸 a salir el mensaje de que la transferencia no se pudo realizar, a los minutos me llegaron correos con ambas transacciones realizadas, encima llamo al BCP al n煤mero que dan por correo y el n煤mero no existe.",non_repudiation
1444,"Necesito cambiar el correo electr贸nico al que me llegan las notificaciones de las operaciones realizada en la app (transferencias propias o de terceros, favoritos, apagado de tarjetas, etc) ya lo actualic茅 en la banca por Internet pero en la app no cambia y siguen llegando las notificaciones al correo que sigue ah铆 grabado, llamo al banco y me dicen que el correo ya ha sido actualizado pero en la app no cambia! Ya la actualic茅, elimine la cta la volv铆 a cargar y nada! Sigue igual, ayuda!!!",accountability
1445,"P茅sima en su nueva versi贸n. La anterior estaba mucho mejor, m谩s sencilla y m谩s clara. Han sacrificado funcionalidad por dise帽o. Una tonter铆a. Ya no puedo usarla, pues pide actualizaci贸n del sistema operativo; cosa que ninguna otra app que tengo (y tengo bastantes) solicita. No se supone que es la app la que debe adaptarse al sistema y no al rev茅s? Mala, muy mala. Piensen seriamente en retornar a la versi贸n anterior.",not_applicable
1446,"Un desastre est谩 App, no le recomendar铆a a nadie, ingreso a mis cuentas y autom谩ticamente me saca con un mensaje: Banca m贸vil BCP se detuvo. As铆 que no puedo ver mis saldos ni realizar ninguna operaci贸n, en mi caso me veo perjudicado al 100%. Definitivamente cambiar茅 de Banco!",not_applicable
1447,"P茅sima aplicaci贸n, p茅sima actualizaci贸n, m谩s pesada y poco 煤til. Ahora no funciona con dispositivos android con versiones menores a 9.0. Y en otros dispositivos sale mensaje de error al intentar abrir la app.",not_applicable
1448,"No soy alguien que suele calificar o mucho menos ser grosero, pero esta app apesta y es una gran ******. Estaba apunto de hacer una compra de una oferta por tiempo LIMITADO por internet, y justo la app da error diciendo ""Oops! A ocurrido un error. Intentelo m谩s tarde"" Se帽ores, est谩 app les falla en el momento que m谩s lo necesitan. Reconsidere la idea de quedarse en este banco tan inestable.",not_applicable
1449,"Buenos d铆as, no entiendo para que actualizan la aplicaci贸n a cada rato , ni siquiera es para mejor, el aplicativo aveces falla y ahora como ten铆a que actualizar la aplicaci贸n estoy intentando hacerlo y nada sale un mensaje de error, intentar茅 m谩s tarde, ojal谩 pueda actualizar, porfavor mejor no modifiquen a cada rato, si no es para mejorar,causan molestias innecesarias a los cl铆entes, porfavor vean la nueva versi贸n que han puesto porque est谩 fallando e intentado tampoco se puede descargar",not_applicable
1450,Que p茅sima app la anterior se cuelga sale error no hay opci贸n de ocultar cuentas no se puede pagar servicios .la versi贸n anterior estaba mejor espero puedan mejorarla la desintalare eh ir茅 personalmente al banco es un peligro esa app . Tanta delincuencia si te roban te obligan ah abrir tu app ah铆 estar谩 todas tus cuentas vaciado total de cuenta f谩cil se la llevan los rateros estoy totalmente desepcionado de este banco cambiar茅 mi dinero ah otro banco creo que tenga un buen app mas seguro,confidentiality
1451,"En definitiva un banco como BCP debe contar con una buena aplicaci贸n, amigable con el usuario y de f谩cil acceso. ltimamente deja mucho que desear el aplicativo por no decir es como si no tuvieran. Lo 煤nico que generan con este servicio de app es migrar a otros bancos y su prestigio comienza a caer, ya que la gran mayor铆a de operaciones se hacen por app",not_applicable
1452,"Una porquer铆a la actualizaci贸n de la aplicaci贸n, el token digital p茅simo, intent贸 hacer transferencia y se bugea con la hora, cuando la opci贸n de la hora autom谩tica est谩 activa y funcionando en mi celular. Solucionen esto que ir a sus agencias es morirse de calor, perder tiempo y un dolor de HUEVOS",authenticity
1453,"P茅sima actualizaci贸n. Poco intuitiva. Regresen a la interfaz anterior. No se generan los estados de cuenta, no se facilita el uso de token digital. Al transferir confunde porque el destino aparece al final ",accountability
1454,"Muchos dependemos de esta app, es absurdo que una empresa tan grande no pueda manejar una app. Mal铆simo, siempre que la abro me sale ""Ocurri贸 un problema"". Lo 煤ltimo que transmiten es confianza, otra raz贸n m谩s para cambiar de banco.",not_applicable
1455,"Pesima aplicaci贸n desde que se actualizo esta totalmente inservible, hay veces que ni se puede ingresar a la aplicacion, no permiten los pagos de servicio con vencimiento en el mismo mes, en ves de ponerle tantos gr谩ficos y dibujos deben de regresar al sistema anterior P茅sima Atualizacion",not_applicable
1456,"Muy mala actualizaci贸n, faltan muchas opciones buenas que tenia la versi贸n anterior, no se puede seleccionar que cuentas mostrar y cuales no mostrar, da errores, porfavor vuelvan a la versi贸n anterior, hagan caso a los comentarios y opiniones. Escuchen a sus clientes!",not_applicable
1457,Desde hace varios d铆as la app de bcp no est谩 funcionando cuando se usa datos del celular. Con WiFi sigue funcionando bien. Mejorar selecci贸n de programadores que en vez de mejorar lo han empeorado,not_applicable
1458,"P茅sima versi贸n de la app, no te permite realizar transferencias, pago se servicios ni recargas aunque ya tengas t煤 token digital. Cuando contactas a servicio t茅cnico no te brindan m谩s ayuda, solo te dice que el error es de la app. 驴Cu谩ndo van arreglar dicho error?",authenticity
1459,"P茅simo en el historial salen movimientos de fechas FuTURAS cuando reclame me informaron que son de a帽o pasado etc etc que as铆 lo pone el app...QUEeeeee隆 Donde esta el arquitecto de software de esta app隆隆隆隆隆 Por que le han quitado el ""nombre de las cuentas"" ahora ya no puedo distinguir cual es mi cuenta personal y cual mi mancomunada ""nadie se aprende los n煤meros"" es un caos ahora desde la ultima actualizaci贸n ya que realizo transferencias internas POR FAVOR REGRESEN LOS NOMBRES DE LAS CUENTAS",accountability
1460,"Que desgracia la nueva versi贸n en vez de mejorar empeoran. En la interfaz anterior podia ver todo en una sola pantalla, ahora con su dise帽o moderno, veo solo 3 cosas y sobrepuetas una encima de la otra osea solo veo 1 cuenta, 2 a medias, y mas nada. La embarraron totalmente.",not_applicable
1461,"Deber铆an solucionar el problema de error , siempre que quiero abrir mi banca m贸vil para hacer alguna operaci贸n , aparece error ,. Se supone que son un banco y sus sistemas tienen que ser los m谩s 贸ptimo , no es una app de juegos . Como para que se est茅 cayendo a cada rato . Honestamente no recomiendo el banco BCP . En el BBVA nunca me ha sucedido esto .",not_applicable
1462,"Para que actualizan la aplicaci贸n si no esta lista, llevo 4 dias sin poder acceder a mis cuentas por la aplicaci贸n. Enfoquense menos en esas animaciones in煤tiles que hacen perder el tiempo y mas en la funcionalidad y rapidez, no buscamos jugar con esta app es para trabajar. Las cuentas empresariales no se pueden registrar. Que estupidez de actualizaci贸n.",not_applicable
1463,"De todas las apps de bancos que manejo est谩 es la peor. Nunca carga nada , nose pueden realizar transferencias , el UX es cr铆tico. Demora en la usabilidad , no hay criterio de elecci贸n y algo tan simple como la huella dactilar simple , seguro y r谩pido al logeo. Terrible app",authenticity
1464,"Se supon铆a que con la 煤ltima actualizaci贸n la app iba a mejorar, pero pas贸 todo lo contrario. Es menos intuitiva que antes y han colocado im谩genes que no tienen motivo para estar ah铆. Cuando hago un pago no quiero ver un dibujo columpi谩ndose. Una terrible experiencia de usuario.",not_applicable
1465,"Para hacer una operaci贸n(pago o transferencia) desde la app te pide activar el token digital, pero para solicitarlo te piden q lo hagas en una agencia bancaria, se supone que la APP est谩 dise帽ada para trabajar como tal, ahora si te piden activar el token digital se puede hacer desde el mismo celular, hoy en d铆a casi todo los celulares tienen acceso a huella digital, deber铆an implementar ese servicio en la APP...!!",authenticity
1466,Esta aplicaci贸n no la puedo descargar la actualizaci贸n es p茅sima igual pienso q si pudiera cambiar de banco lo har铆a y no tendr铆a q tener este tipo de problemas deber铆an crear aplicaciones accesibles a todos los dispositivos ahora tengo q perder tiempo iendo de un lugar a otro a pagar y trasferir.,not_applicable
1467,"Muy mala, tiene demasiados problemas, me salen continuos errores,no carga bien las cuentas favoritas, las transferencias salen que no se pudo hacer, reintentas y se hace una doble transferencia !!!mal muy mal la anterior Apple estuvo mucho mejor",integrity
1468,"Siempre fin de mes o d铆a de pago en vez de agilizar las cosas las complican, se saturan su app, o se cuelga la p谩gina, as铆 obligan a que uno vaya al banco a contaminarse. De qu茅 sirve que est茅n actualizando a cada rato la app, si igual no funciona cuando se necesita realizar pagos.",not_applicable
1469,P茅simo desde que pide actualizar! Estoy m谩s de 1 mes sin poder abrir o por que no se puede actualizar o por que simplemente el app no funciona! . Es el 煤nico aplicativo con el que los problemas as铆 son recurrentes,not_applicable
1470,"Sinceramente su 煤ltima actualizaci贸n se ve un poco m谩s amigable e intuitivo pero lo errores no paran de aparecer, se bugea bastante, no reconoce mi clave, no reconoce mi tomen, etc. De nada sirve que hayan mejorado la interfaz si perjudicaron de esa manera las funcionalidades.",authenticity
1471,"Tengo un Samsung Galaxy S10+ y no me va mal con la app, pero si tengo un problema, no puedo configurar biometr铆a, me dice que mi equipo no es compatible con dicha funci贸n, tambi茅n tengo BBVA y Scotiabank y en esas apps las manejo con biometr铆a, mi equipo cuenta con Android 12 y cuenta con huella dactilar en la pantalla, por favor revisen eso, gracias.",authenticity
1472,La app est谩 un poco lenta... y cuanto a las transferencias a tercero ya no sale la descripci贸n como antes y en algunos casos eso es muy importante!. Y no solo eso ya no sale el nombre de la persona cuando se paga los servicios ser铆a mejor tomarlo en cuenta m谩s que todo para la gente adulta que usa la aplicaci贸n...,accountability
1473,"La app est谩 andando mal, ni me permite ver mis cuentas, ni mi token, ni nada de nada, solo se queda en la pantalla azul con el mensaje de obteniendo datos de sesi贸n y peor a煤n su atenci贸n al cliente que no contesta nada de nada llevo desde la 10:00am queriendo saber si la app est谩 en mantenimiento para hacer otra gesti贸n por otro banco pero bueno, esto va de mal a peor.",not_applicable
1474,"Estaba mucho mejor con la versi贸n anterior, tuve que actualizar la aplicaci贸n a la nueva versi贸n, y no pasa nada, p茅simo, malo, hasta las patas, desde que actualice me dice a ocurrido un error estamos trabajando y no me permite hacer operaciones ni una operaci贸n. Arreglen o den soluci贸n.",not_applicable
1475,"La 煤ltima actualizaci贸n ha resultado ser una total decepci贸n. La interfaz es muy linda pero nada funcional y amigable con el usuario, demora mucha para luego decir ""error"". El celular colapsa con facilidad. Por favor hacer las mejoras correspondientes en el menor tiempo posible. Gracias",not_applicable
1476,"Ya voy m谩s de 2 semanas que no logr贸 ingresar a la APP debido a que la clave de confirmaci贸n que BCP env铆a lo hace pasando m谩s de 1 hora cuando el tiempo limite es de 45 segundos. Antes no ten铆a ning煤n problema, estoy insatisfecho con lo que est谩 pasando.",authenticity
1477,"Por favor se帽ores de BCP, arreglen la aplicacion, esta pesima. Antes con el anterior formato yo podia realizar mis operaciones sin ningun problema, pero con este nuevo formato no puedo hacer nada, quiero pagar servicios y me rebota al momento de confirmar y con las recargas esta peor. Solucionen este problema. No se merecen ni una estrella pero solo para publicar mi queja me obliga a calificar.",not_applicable
1478,Es una pena que un Banco Tan conocido cuente con una App Muy Mala: Al intentar acceder con intenta enviarme un codigo de acceso que llega despues de horas. Al intentar usar la Web tampoco se puede realizar transacciones porque la App Movil no Funciona. Parece que la pantalla de Error fuera la bienvenida. Dan Pena. Les daria 0 estrellas pero no hay esa opcion.,authenticity
1479,"La 煤ltima actualizaci贸n en octubre 2021 es la peor. La interface no es nada amigable, las opciones de configuraci贸n est谩n mezcladas. No encuentras el bot贸n para salir r谩pido, son demasiado clicks. P茅simo dise帽o UX/UI, despidan a ese equipo de dise帽o!",not_applicable
1480,"La actualizaci贸n es muy mala, tiene muchas fallas, no funciona, quien se va a responsabilizar cuando se tenga que hacer una transferencia urgente y no se pueda, ya que ven铆a funcionando bien. Un desastre!!!!",accountability
1481,"Antes de la actualizaci贸n funcionaba bien, pero ahora cuando llego a la interfaz de poner el monto de transferencia no carga, espero por varios minutos y nada. Estoy inconforme con la actualizaci贸n, y ni pa decir que es un problema del momento, desde ayer estoy intentando transferir y nada no carga, p茅simo!!",not_applicable
1482,"Prefer铆 la forma sin aplicaci贸n a trav茅s de buscarla en la web, el 煤nico beneficio q encuentro es el token electr贸nico que ya no hay que comprarlo regularmente..  El dise帽o gr谩fico es m谩s inc贸modo y menos accesible en una mirada que la antes mencionada versi贸n. Pero las apps se han convertido en obligaci贸n..",not_applicable
1483,Es una porquer铆a la app ... Quiero ingresar a la app y aparece error ...a cada rato ...luego de que por fin ingreso quiero hacer alguna operaci贸n y sale error y luego veo que se realiz贸 dos veces la operaci贸n de la nada.. muy p茅simo ... Creo que me pasar茅 al BBVA... No pasa anda con esta banca,integrity
1484,"La 煤ltima actualizaci贸n es p茅sima nl deja ingresar a la app para ver sus movimientos bancarios deben de solucionar eso, estamos en una cuarentena en donde no se puede ir muy seguido a los bancos a realizar transacciones... pesimoooo....",not_applicable
1485,"este aplicativo es pesimo, sin duda alguna, estaba excelente la versi贸n anterior donde podias encontrar de todo facilmente, pero no se a quien se le ocurrio cambiarlo a esta versi贸n que tiene muchos errores y hasta uno se pierde con las opciones. Pesimo.",not_applicable
1486,"Desde hace varios d铆as intento realizar una transferencia al Scotiabank y no me permite, me sale error de red, pero tengo datos ilimitados en claro, adem谩s cuento con una red wifi alta y el equipo celular que tengo es un buen equipo, y de igual forma me pasaba en yape a veces, espero mejorer al realizar pr贸ximas actualizaciones eso.",not_applicable
1487,"No puedo descargar la nueva aplicaci贸n, ya que me piden que cierre algunas p谩ginas que son importantes para mi persona. Ya no puedo abrir, ni puedo ver los estados de mis cuentas, ni efectuar pagos, vi茅ndome obligada a concurrir a las oficinas del banco, para realizar mis transacciones.",not_applicable
1488,Buenas tardes se帽ores . Por favor . Su apoyo con la 煤ltima actualizaci贸n de su APP ya que no permite entra ya que solicita un c贸digo.. que env铆an al correo pero ese c贸digo nunca llaga a tiempo. Se demora de 20 a 30 minutos .. y el aplicativo se sierra. Por el tiempo que demora . Por favor .les pido que solucionen ese peque帽o problema.. muchas gracias y bendiciones se帽ores .,authenticity
1489,"Que mal por tener una camara pesima ,lo ajustan a una calidad terrible y espaciosa,porque en el momento de pedir token digital y seguir los pasos para validarlo ,en la hora de tomar foto al DNI ,se ve borroso y nisiquiera hace el esfuerzo de enfocar a nuestro gusto ,caundo voy a mi camara normal y quiero tomar una foto al documento ,este inmediatamente lo captura e incluso mas nitido en comparacion de la app de bcp .Por favor arreglen eso ,ya que no quiero acudir a la agencia por falta de tiempo",authenticity
1490,"En vez de mejorar la empeoraron, la idea era facilitar y no retroceder al complicar a sus usuarios, demasiadas funciones que usaba constantemente ya no est谩n. Incluso estuve minutos esperando una operaci贸n y se cerr贸, resulta que si se hizo el cobro, pero no pude tomar captura de dicha operaci贸n...",non_repudiation
1491,"P茅sima aplicaci贸n, a cada rato hay que actualizarla y solo es una perdida de tiempo. Para ser la app de un banco tiene demasiadas deficiencias. Se nota que muy poco les importa la satisfacci贸n del cliente. Encima se detiene todo el tiempo. Muy mala realmente.",not_applicable
1492,"La versi贸n anterior de la app me parec铆a mucho mejor, ahora para hacer una operaci贸n solicitan el token digital, el cual est谩 disponible cuando ingresas a la app y solo por 60 segundos, es decir que si tardas m谩s de ese tiempo, no te permite realizar ninguna operaci贸n, espero se pueda solucionar ese gran problema pronto.",authenticity
1493,"Es inaceptable, porque no dejan el token de forma autom谩tica. Es casi imposible realizar las operaciones en menos de 1 minuto. Como si su aplicaci贸n fuera bien r谩pida y sin fallos. Y aclaro no es por internet, ni rendimiento del Smartphone.",authenticity
1494,"Casis siempre el sistema es lento (sobre todo los d铆as Lunes). Hoy me pas贸 que hice una transacci贸n y sali贸 error (como si no se hubiera hecho y sal铆a mi saldo completo). Luego volv铆 a intentar hacer la transacci贸n y se cobr贸 doble cuando aparec铆a que la primera vez no se hab铆a hecho, pero si se hizo ",integrity
1495,"Es la primera vez que abro una cuenta en BCP, trabajaba con otros bancos y quise darle una oportunidad al BCP. Por favor, arreglen el problema con su APP, es p茅sima. Intent茅 entrar por la app y me sal铆a error. Obviamente si segu铆a intentando se iba a bloquear la tarjeta, pero acabo de intentar con la banca por Internet y todo OK. En conclusi贸n, el problema es con su APP. Solucionen eso por favor. Gracias.",not_applicable
1496,"App basura, la nueva actualizaci贸n no me muestra las 煤ltimas transferencias que se realizaron solo las favoritas. Llena de dibujos animados con que finalidad? Las aplicaciones deben ser f谩ciles, sencillas y simples sin tantas idioteces.",accountability
1497,"No puedo hacer transferencias. Desde su 煤ltima actualizaci贸n, no puedo ingresar al app. Aparece un mensaje de error.Tras varios intentos, veo que cambiaron el dise帽o del men煤 y la app se queda colgada. Encima me doy con la sorpresa de que eliminaron mi token digital y tuve que ir al banco nuevamente (y sigo sin poder hacer operaciones).Qu茅 desastre de aplicativo.",authenticity
1498,"Con la nueva actualizaci贸n no me deja usar descargarlo, cuando lo mande a actualizar me da error al estar al 99% pens茅 que era mi tel茅fono as铆 que mil y un cosas, vi si hab铆a actualizaciones en el software, desinstale y mande a instalar la aplicaci贸n, y aun as铆 nada, esta horrible. Ahorita necesito hacer transferencias y no puedo",not_applicable
1499,"El app deberia tener la opci贸n de compartir por WhatsApp, por correo electr贸nico y mensaje de texto al momento que se realiza la transacci贸n de cualquier tipo para no estar capturando la pantalla. Por favor actualizarlo es una manera m谩s sencilla para compartir la informaci贸n mencionada.",not_applicable
1500,"No puedo ingresar a mi cuenta, en la app. Para pasar al paso 2, no me salen las opciones para recibir el codigo de validacion. Ya se por correo o llamada. Tambien he llamado al bcp pero tampoco me han podido solucionar. Por lo que supongo que el problema lo tiene la propia app",authenticity
