ID,Comentario,Clasificacion_ISO_25010
1401,"p√©sima la app, ahora se demora para ingresar a pesar escribir correctamente los datos hasta 4 intentos y no ingresa, con cada actualizaci√≥n esta peor",authenticity
1402,"Desde la √∫ltima actualizaci√≥n las operaciones de volvieron m√°s lentas sin mencionar que la clave din√°mica demora demasiado tiempo en llegar para poder confirmar la operaci√≥n, deben arreglar ello",authenticity
1403,"todo el tiempo presenta fallos, no responde a la solicitud de apertura pese a haber colocado correctamente mi clave y contrase√±a y sale un mensaje de disculpas porque no han podido realizar la verificaci√≥n.... no entiendo!",authenticity
1404,"Cada vez est√° peor √©sta app, quiero hacer un simple plineo y la aplicacion se cierra x completo, voy intentando al menos 10 veces y no logro hacer la transferencia",not_applicable
1405,"Antes era muy buena la app, ahora cada vez que deseo ingresar a la app, tengo que desinstalar y volver a descargarla....para que me sale un mensaje ""LO SENTIMO, ESTAMOS TRABAJANDO PARA DAR SOLUCI√ìN""",not_applicable
1406,se supone que si recargas la tarjeta del metropolitano desde el aplicativo es para ya no hacer cola simplemente que el saldo se cargue directo no ir a la estaci√≥n validarlo para resien pasar es lo mismo que nada,not_applicable
1407,"P√©sima aplicaci√≥n, con la √∫ltima actualizaci√≥n no puedo sacar dinero de mi chanchito de ahorros. Siempre ha sido mala, pero de verdad, est√° vez se excedieron!!!",not_applicable
1408,"Desde la actualizaci√≥n de hoy no puedo transferir dinero de mi alcanc√≠a por el app, solo me sirve para pagar o para hacer plin. Que decepci√≥n, no se que hacer para que funcione como antes.",not_applicable
1409,"Cada vez de mal en peor, la aplicaci√≥n no permite tomar print de pantalla, se lajea a cada rato, anda fuera de servicio , etc",not_applicable
1410,A cada momento se bloquea cuando quiero ingresar. tengo que volver a instalarla. Est√° √∫ltima actualizaci√≥n malogro todo. me sigue decepcionando m√°s Interbank,not_applicable
1411,me encantaba esta app m√°s tranquilo y seguro pero cansa que a cada rato se deba actualizar acaso es una se√±al que anda mal aparte que no deja ingresar si no actualizas.,not_applicable
1412,Todo bien pero nos√© si soy yo o es la app por qu√© hace poco me ha salido notificaci√≥nes de que no puedo usar la app por qu√© hay una aplicaci√≥n que se ejecuta sobre la pantalla o alg√∫n virus q esp√≠a mi tel√©fono üì± apesar de que hace pocos d√≠as lo formatee,resistance
1413,"Ahora no permite hacer capturas y tampoco se puede ver movimientos de hace m√°s de dos meses salvo que descargues el EECC por email, lo cual es engorroso.",not_applicable
1414,"clave din√°mica no llega para plinear, no deja hacer captura(y hacer m√°s r√°pido una transacci√≥n), estaba bien la aplicaci√≥n.",authenticity
1415,Muy lenta. Siempre esta fuera de servicio cuando quiero hacer un pago. Y pide √∫ltimamente que actualice la app cada 3 dias.,not_applicable
1416,"Esta bien la aplicaci√≥n, pero por favor no actualicen a cada rato la aplicaci√≥n, perjudican hay veces no tngo suficiente Internet como para estar actualizando a cada rato",not_applicable
1417,"Estaba bien la aplicaci√≥n antes del hackeo, por que ahora te salen errores, tanto que no se puede plinear como que hay un error en ingl√©s que no entiendo, entonces ahora tengo plata ah√≠ y no la puedo sacar",resistance
1418,"Todos lo d√≠as es lo mismo no me deja entrar a mi app siempre me sale lo sentimos estamos trabajando en ello ala semana podre entrar una vez. Pero as√≠ no es, tengo que hacer operaciones todos los d√≠as estar as√≠ constantemente ya me molesta",not_applicable
1419,Cuando m√°s se le necesita para hacer pagos su app se demora un a√±o en enviar la clave din√°mica. La peor aplicaci√≥n de banco que he utilizado.,authenticity
1420,"Era buena... Falla mucho desde el hackeo. Ahora, se ha actualizado hace 3 d√≠as y se ha bloqueado mi alcanc√≠a, no puedo retirar mi dinero. Espero que lo solucionen pronto.",resistance
1421,"La app estaba bien, pero derrepente comenz√≥ a fallar, a tener problemas d conexi√≥n y todo eso. No recomiendo su uso para nada.",not_applicable
1422,"la verdad la √∫ltima actualizaci√≥n est√° p√©sima(se congela mucho,la clave din√°mica no te llega y aveces ni ingresar a tu cuenta se puede. Espero por favor solucionen pronto.",authenticity
1423,"Por m√°s que pido la clave din√°mica , nunca llega al momento , llega 5 o 8 horas despu√©s , realmente quisiera que me ayuden porque no puedo plinear ni transferir, tengo mi n√∫mero vinculado, todo correcto y sigue esa falla post actualizaci√≥n.",authenticity
1424,"Interbank me incomoda tener que estar actualizando cada ingreso la aplicaci√≥n, mejoren sus servicios por favor que ya me van a llenar la memoria con cada actualizacion.",not_applicable
1425,"Despu√©s del hackeo, al momento de hacer plin el c√≥digo de aprobaci√≥n demora en llegar y esto genera molestia porque cuando si es llega ya se venci√≥ y tienes que solicitar otra y otra vez y as√≠ sucesivamente Y nunca se termina.",resistance
1426,"P√©simo, no deja entrar cada semana, hay que desistalar y volver a instalar, para ser un banco principal de per√∫, tener una app con tantos problemas genera molestias...",not_applicable
1427,"Muy caro el precio del d√≥lar ni por qu√© soy cliente de hace muchos a√±os, no me trat√≥ sin consideraci√≥n y me cobr√≥ el precio muy alto ten√≠a que comprarlo con mucho pesar por que lo necesitaba. Ese acto de ustedes fue muy fr√≠o Los sorteos no se notan",not_applicable
1428,"buenos d√≠as, actualice el aplicativo y se puso demasiado lento, por favor traten de solucionar este percance lo m√°s pronto posible. Gracias",not_applicable
1429,"Soy nueva en este banco, no puedo dar mucha informaci√≥n. hasta donde lo vi es f√°cil de usar, lo que no me gust√≥ que para cambiar una clave cobren 25 soles.",not_applicable
1430,No es tan f√°cil de utilizar te pide tanto proceso solo para hacer Plineos de pocos soles no es muy pr√°ctico y te pide actualizar a cada rato en momentos importantes excelente banco mala aplicaci√≥n,not_applicable
1431,"Estoy apunto de pagar con el aplicativo de Interbank v√≠a Plin y no me deja ingresar al bendito App. Que mal servicio del banco que nunca me hab√≠a fallado, creo que buscar√© cambiar de banco. P√©simo Servicio.",not_applicable
1432,Interbank p√©simo servicio..! hace semanas no puedo hacer ninguna transacci√≥n desde la aplicaci√≥n m√≥vil.. los asesores encima me cuelgan el tel√©fono. Mal.. muy mal,not_applicable
1433,"Cada rato pide actualizar... y cuando uno tiene una emergencia debes esperar hasta que se actualice, y no ayuda en nada, porque sigue igual apesar que se actualiza",not_applicable
1434,Tengo meses sin poder usar mi aplicaci√≥n porque no recibo la clave din√°mica. Ya he intentado de todas las formas recibirla y no se puede. P√©sima aplicaci√≥n.,authenticity
1435,"Es una porquer√≠a cada rato nos piden que actualicemos el app, nos hacen perder el tiempo , deber√≠an crear buenos desarrolladores y no estar pidi√©ndonos que actualicemos constantemente",not_applicable
1436,"Lo que era una aplicaci√≥n de banca simple, entendible y optimizada, ahora est√° incre√≠blemente saturada de opciones innecesarias.",not_applicable
1437,"Esta app era buena, instale una actualizaci√≥n y no funciona llevo d√≠as intentado y nada, llame y no me dan una soluci√≥n. P√©sima atenci√≥n, mi dinero qued√≥ congelado..",not_applicable
1438,"Con la √∫ltima actualizaci√≥n no deja ahorrar en la alcanc√≠a o retirar de la misma. Del resto todo bien, pero que no deje usar la alcanc√≠a es bastante molesto.",not_applicable
1439,"deber√≠an de avisar unos d√≠as antes de mandar actualizaciones, me pone en aprietos siempre que quiero pagar se pone a actualizar, y donde vivo no hay mucha cobertura",not_applicable
1440,"La verdad, hasta el d√≠a de hoy no puedo registrarme, ni los del banco internank han podido solucionar ese error, estoy presentando mi reclamo ante indecopi. pr√°cticamente a ciegas manejando el dinero que tengo en este Banco.",authenticity
1441,"No es posible que, una app que maneje dinero de error tras error todos los dias, el plin siempre tiene inconvenientes o no deja realizar transferencia a yape. La app esta llena de mantenimientos y siempre tiene los mismos errores",not_applicable
1442,"No llega la clave din√°mica, que pas√≥ Interbank antes eran los mejores. Ahora la app no es confiable, siempre te puede fallar cuando lo necesitas.",authenticity
1443,"p√©sima la aplicaci√≥n, solo puedo ingresar una vez al d√≠a cuando quiero ingresar por 2da vez no se puede, tengo que desinstalar y volverla a instalar para poder ingresar a pesar que se llama atenci√≥n al cliente no dan soluci√≥n.",not_applicable
1444,"no se que pasa con la app, no soy el univo que le pasa pero tengo que instalar y desinstalar a cada rato porque no puedo entrar y esa es la unica forma de entrar de nuevo, conosco a varias personas que les pasa lo mismo, lamentablemente quita mas tiempo quejarse que desinstalar e instalar de nuevo",not_applicable
1445,"El plin esta hackeado, no puedo poner ni un sol en mi plin porque desaparece el dinero de inmediato, fui al banco y me dicen todo esta normal. He perdido mas de S/470 soles en total, Por eso ya no uso plin. Tengan cuidado usuarios, ya falta poco para cambiarme de banco.",integrity
1446,"Cada vez peor la app, te obligan a recibir notificaciones de sus promociones q no me interesan si no...no funciona la app...no tiene teclado num√©rico....y manda a actualizarla muy seguido",not_applicable
1447,"no se puede ingresar a la aplicaci√≥n, un desastre completo para pagar tarjetas, adem√°s que su banca por Internet no es nada amigable al no haber opci√≥n de pago... malisima!!!!",not_applicable
1448,con la √∫ltima actualizaci√≥n ya voy 4 veces en una semana que tengo que desinstalar y volver a instalar porque siempre me sale un mensaje de error que tienen inconvenientes que est√°n solucionando y esto definitivamente no ayuda ante una emergencia si no cargas efectivo,not_applicable
1449,"Es poco confiable, necesito hacer un pago y no abre la app, que pase una vez se entiende, pero es muy repetitivo este problema, de verdad es un fastidio!!!",not_applicable
1450,"solo dos estrellas porque muy seguido se pone que no se puede entrar a la app ni a la web, demasiado problema cada vez que uno quiere hacer un pago y no se puede entrar a la app",not_applicable
1451,"Antes era buena, pero desde la brecha de seguridad vive en reparaci√≥n constante. Cada dos d√≠as da error al ingresar varias veces al d√≠a y a veces por muchas horas :(",resistance
1452,"p√©sima actualizaci√≥n , no puedo hacer mis operaciones como incremento de linea de cr√©dito , pagos linea , luz ... etc no me llega mi clave din√°mica ya prob√© desinstalando e instalando la app y asta llame a atenci√≥n al cliente y no hay soluci√≥n üòê",authenticity
1453,"p√©sima aplicaci√≥n, que pasa con su personal especializado en esa √°rea, no le da el mantenimiento adecuado?? üò° No permite realizar pagos de los servicios o si no te sale como si ya hubieses cancelado. Siglo 21 y no pueden dar un adecuado mantenimiento a su APP, contraten a personal eficiente y no a mediocres.",not_applicable
1454,"la aplicaci√≥n en vez de mejorar empeora, ya no se puede realizar operaciones con normalidad, es molesto que salga a cada rato, estamos teniendo inconvenientes para realizar la operaci√≥n.",not_applicable
1455,"Antes era muy buena la aplicaci√≥n, pero √∫ltimamente no cada d√≠a pide actualizarla , adem√°s algunas operaciones dan error e igualmente debita el dinero, llamas y no hay soluci√≥n.pesimo",integrity
1456,"Los c√≥digos de verificaci√≥n no llegan, o llegan a las horas cuando ya es demasiado tarde, no s√© si sea problema mio o de la plataforma, espero que pronto se solucione",authenticity
1457,"Porquer√≠a de APP, quiero ingresar hace tiempo y no me deja, voy a anular esa tarjeta ya es demasiado nunca esta bien y solo te manda el mensaje que tienen problemas. No deber√≠an tener una APP si no va a funcionar",not_applicable
1458,"Super mala, el 90% de veces algo sale mal, solo funciona con WiFi, no se conecta a datos, a cada rato se cuelga. odiosa experiencia con esta app üò°",not_applicable
1459,"se puede saber a qu√© persona de su equipo se le ocurri√≥ poner popups? tienen siquiera una idea de lo que es la experiencia de usuario? esos popups que solo sirven para perder el tiempo, no me dejan hacer ninguna operaci√≥n, de verdad si pudiera les pondr√≠a 0 de calificaci√≥n",not_applicable
1460,"van en la versi√≥n 20, pese a eso sigue demorando mucho tiempo y se paraliza al momento de recibir los c√≥digos. Genera demoras en pagos y transferencias",authenticity
1461,"Debe permitir pagar pr√©stamos de terceros (personales, hipotecario, vehicular) No permite que haga capturas de pantalla, es necesario para guardar o compartir algo anormal en los movimientos.",not_applicable
1462,"Esta actualizaci√≥n es p√©sima, la clave din√°mica demora en llegar, no puedo transferir es un caos terrible solo me estresa. Definitivamente me voy a cambiar de App",authenticity
1463,"Suele tener problemas casi siempre para ingresar, sobretodo en la noche que ya jo deja entrar a la plataforma, deber√≠an de solucionar eso :(",not_applicable
1464,"Este banco me pone muchos obst√°culos para poder ver mis saldos deseo saber si me abonaron mi jubilaci√≥n y no puedo porq.tengo q.autualizar la aplicaci√≥n soy una persona de tercera edad no tengo mucho conocimiento me gustar√≠a q.las operaciones a realizar fueran m√°s f√°ciles es mi sentir y de muchas personas de mi edad q.me encuentro en el banco,tengo a√±os con este banco y me da pena el tener q.cambiarme.los avances tambi√©n deben ser p.todo tipo de personas.",not_applicable
1465,"en mi opini√≥n es una porquer√≠a este banco ,hace varios d√≠as quiero pagar y la clave din√°mica nunca llega o llega despu√©s de 10 o 15 minutos osea no s√© xq est√° as√≠ pens√© que era un error del momento pero sigue as√≠",authenticity
1466,"P√©sima actualizaci√≥n, ahora ya no puedes ver t√∫ reporte. Sale error de conexi√≥n y no puedes retroceder a la p√°gina principal.",not_applicable
1467,"Demasiadas fallas, tanto como no reconocer la contrase√±a que has puesto, y aun as√≠ el encargado no te puede ayudar en nada, as√≠ te de la raz√≥n en tu fundamento, p√©sima aplicaci√≥n",authenticity
1468,"Es un desastre Su aplicaci√≥n, no puedo creer que tenga 3 d√≠as sin hacer una operaci√≥n, pero si fuera para pagarles no necesitan clave din√°mica, que curioso.",authenticity
1469,"He leido las opiniones de los dem√°s y se que hablar√© en nombre de muchos, llevo d√≠as intentando hacer cualquier tipo de operacion y no puedo, la clave din√°mica no llega, ya actualic√© la app, borre cach√© y datos, reingrese al usuario, acepte todos los permisos que la app pide y no funciona. Mi n√∫mero esta correcto, deber√≠an hacer llegar la clave de forma provisional al correo electr√≥nico mientras solventan este inconveniente, hay muchas personas que estamos perdiendo dinero por este fallo.",authenticity
1470,"Las actualizaciones no deber√≠an ser obligatorias desde el primer d√≠a, me sorprenden cada vez que ingreso y me pide actualizar.",not_applicable
1471,"√∫ltimamente es inservible... no env√≠a clave din√°mica ni permite digitar n√∫meros, podr√≠a pensar q es mi teclado, pero con Yape no tengo ese problema.... cada vez peor",authenticity
1472,"cada vez peor, lenta , la app ya fue hackeada una vez, ya pierde seguridad y confianza,apenas reciban dinero en estas cuentas,transferir a otra cuenta,del BCP por ejemplo lamentable",resistance
1473,"Nuevamente no puedo realizar dep√≥sitos a la alcanc√≠a y tampoco puedo retirar dinero, ya llevo una semana as√≠. Sale un mensaje estamos trabajando en el problema, volver intentarlo",not_applicable
1474,de verdad que desde que hackearon al banco nunca llega los codigo de seguridad y siempre se espera mas de 10 min cuando la sesion caduca no se puede mandar plin ni transferencia sin el codigo de seguridad que pesima la app ..de mal en peor,resistance
1475,"P√©sima aplicaci√≥n, demora a la hora de hacer pagos de servicios, no es pr√°ctico muy confuso y promociones enga√±osas.",not_applicable
1476,"Hacen actualizaciones a diario y cada vez pesa m√°s la app, a los que solo usamos lo b√°sico nos resulta un fastidio",not_applicable
1477,"Ingrese al aplicativo para poder pedir un adelanto de sueldo pero me piden pagar algo que a√∫n no he pedido busque ayuda por el aplicativo y me mand√≥ a Whatsapp y me piden mi c√≥digo de 4 d√≠gitos, p√©simo.",authenticity
1478,"P√©sima desde hace meses mas peor aun despues del hackeo, totalmente p√©sima falla a cada rato hay veces que no se puede entrar por d√≠as...",resistance
1479,"generalmente me funcionaba bien. Pero hoy, 2 de mayo de 2025, est√° terrible. La clave din√°mica llega muy tarde, y para ello ya se cerr√≥ la sesi√≥n. a ver y arreglan esta situaci√≥n.",authenticity
1480,"Por alguna raz√≥n cuando escribo el n√∫mero para plinear y coloco el n√∫mero 91 o 95 se cierra la aplicaci√≥n, es algo molesto asi que espero que haya una soluci√≥n",not_applicable
1481,"actualiza actualizar cada rato, es la segunda vez en una semana que tengo que actualizar esta app tanto para nada, dejen de hacer sonseras porque llenan memoria nada m√°s",not_applicable
1482,"La app es una porquer√≠a. Falla las operaciones, no inicia sesi√≥n, etc Mal√≠sima para un banco tan grande como IBK.",not_applicable
1483,Hace horas llevo escribiendo para que me solucionen un problema con el aplicativo pero sigo sin ninguna respuesta. Esto sucede a ra√≠z que me pidieron actualizar la app.,not_applicable
1484,"Est√° demorando en llegar la clave din√°mica y cuando llega ya se cierra el aplicativo, no puedo hacer las operaciones...",authenticity
1485,Como es posible q t a√±adan un correo no autorisado x el titular y lleguen las notificaciones solo al falso t roben el dinero y el banco no se responsabilice es opcional el pago de un seguro el banco en si se supone es un lugar adecuado seguro para ahorrar,integrity
1486,Falta poder agregar comentario o descripci√≥n del pago al enviar yape o plin. y tambi√©n es muy lento para que llegue el c√≥digo de verificaci√≥n.,authenticity
1487,"no avisa cuando hay que actualizar y digamos tienes que pagar algo y en ese momento elige decir que tiene que actualizar, ademas el servicio de plin falla a cada rato",not_applicable
1488,"Por mi lado tengo y he tenido una p√©sima experiencia con el plin, el codigo tarda demasiado en llegar. Y si espero a que el c√≥digo aparezca, la aplicaci√≥n lo reconoce como expirado. Hoy estuve 20 minutos intentando intentando hacer un plin. Adem√°s las capturas eran una forma m√°s pr√°ctica de mantener el registro de mis finanzas, pero ahora est√° deshabilitada la funci√≥n.",authenticity
1489,"Es un desastre, siempre sale ""ups tenemos problemas, si deseas hacer una operaci√≥n ve a banca por internet"" bueno aplico para banca por Internet y para mal en peor sale, no hemos podido conectar int√©ntalo m√°s tarde. Y instale de nuevo el Apple y nada, alguien puede hacer algo por favor. Siempre es as√≠, no sucede lo mismo con los dem√°s bancos. Espero puedan leer mi opini√≥n los se√±ores que est√°n encargados de mantenimiento del App para que se pongan las pilas y no perjudicarnos nosotros los client",not_applicable
1490,"La app se cierra inesperadamente en Android 10 al abrirla, los reportes de movimientos no se muestran instant√°neamente. Montos en movimientos que se alteran de un d√≠a a otro y cuando consulto al banco me dicen que tengo que pagar por un informe detallado de movimientos acerc√°ndome a una sucursal. Te recomend√© antes Interbank, nunca tuve problemas hasta el a√±o pasado que empec√© a ver cambios raros en mis cuentas y dinero que desaparec√≠a sin evidencia de movimientos. P√©simo servicio y atenci√≥n.",integrity
1491,La peor Basura de la app de Interbank .. No puedo plinear todas las veces y estan en mantenimiento .. Lo actualizo y por la puras perdida de tiempo .,not_applicable
1492,despu√©s de su √∫ltima actualizaci√≥n ..la clave din√°mica no llega..y si no llega no permite hacer ning√∫n tipo de transaccion .. p√©simo servicio para.sus clientes,authenticity
1493,"Una real tonter√≠a el querer pagar con el app un simple recibo de servicios, desde ayer que estoy intentando y me siguen saliendo con su mensaje ""Estamos intentando solucionar el problema""... cuando el problema es su app... intento simular otro pago con otro c√≥digo de usuario y sale sin problemas.. mi tiempo vale m√°s que el dinero? Desde ayer sigo en lo mismo. Llame 2 veces a atenci√≥n al cliente ayer. Hoy 1 vez y seg√∫n el joven ya lo arregl√≥, y sigue igual. Hasta cuando esperar√©? Sin soluci√≥n",not_applicable
1494,"Se actualiz√≥ la app y empeor√≥ la experiencia. Parece m√°s bonita, pero ahora tengo menos informaci√≥n en la pantalla y debo navegar m√°s por la app. √çconos innecesarios, demasiado espacio en blanco en todas la pantallas, scroll horizontal muy extenso, cards por todos lados. Hay partes de la app donde no se puede hacer scroll (tienes que tocar en algun otro lado para poder hacerlo). Antes todo era m√°s sencillo, solo necesitaba algunas peque√±as mejoras.",not_applicable
1495,"Era una muy buena app. Pero desde hace unos meses, desde octubre cuando ocurri√≥ el hackeo, falla demasiado. Cuando entro lo logro en los 2 o 3 primeros intentos y puedo hacer mis operaciones. Pero despu√©s y en el mismo d√≠a ya no funciona. Sale el consabido mensaje LO SENTIMOS. Ya pues, es de todos los d√≠as. Es realmente muy molesto trabajar as√≠. Muy limitante y problem√°tico estar as√≠ todos los d√≠as.",resistance
1496,"Estaba encantada con el app, pero ahora es lenta, siempre hay problemas de conexion y un monton de fallas, me han eliminado mis pagos frecuentes, pero lo peor de todo es que cuando solicito explicaciones o solucion, siempre me responden que todo est√° bien en el sistema, que no saben que ha pasado y que no pueden hacer nada. Es terrible! Estoy pensando en cambiarme de banco principal",not_applicable
1497,"Una verdadera porquer√≠a, todos los d√≠as me aparece que algo sali√≥ mal con la app y hay que desinstalar y volver a instalar. P√©rdida de tiempo total porque hay que iniciar otra vez y estoy queriendo comprar algo dej√°ndome en rid√≠culo frente a la tienda. Aparte que ahora est√°n bombardeando de publicidad de sus seguros, no ser√° que esas ""fallas"" son para que compremos sus seguros ? Yape, all√° voy.",not_applicable
1498,La clave din√°mica no me llega cuando hago operaciones y es casi siempre tengo ese problema desde que actualice la app. Por favor solucionar,authenticity
1499,"Desde hace ya 3 d√≠as que no me deja acceder a la aplicaci√≥n, sale que lo intente m√°s tarde, que es una falla temporal, etc. Adem√°s me han quitado m√°s de 2 soles sin mi consentimiento, aunque es poco, se supone que Interbank deber√≠a tener seguro mi dinero, cosa que hasta ahora no veo funcionar completamente, soluci√≥nenlo y cambiar√© mi calificaci√≥n.",integrity
1500,Acabo de actualizar la.app. ante cualquier operaci√≥n que quiera hacer arroja supuestamente posible virus. Ya pas√© antivirus y no tiene . aun as√≠ sigue fallando.,resistance
1501,"Antes de la √∫ltima actualizaci√≥n la app funcionaba de maravilla. Era la mejor de todas, pero ahora se cay√≥ en picada. A cada instante me aparece ""ha ocurrido un error..."". Al inicio pens√© que era por el internet, pero no. La app actualizada es en verdad tediosa, debo entrar varias veces y eso si luego tengo suerte y no me sale ""ha ocurrido un error"" ya estando dentro. Solucionen ese problema. Que sea como antes, cuando era de las mejores apps de banca m√≥vil que hab√≠a visto jam√°s.",not_applicable
