ID,Comentario,Clasificacion_ISO_25010_2023,Justificacion
1401,"Desde su √∫ltima aplicaci√≥n no puedo ingresar al app... Aq se debe... Antes de la actualizaci√≥n ingresaba r√°pido y lo usaba constantemente para realizar pagos o transferencias... Ahora no puedo ingresar, ya lo desinstale varias veces y no puedo ingresar, aq se debe sres del bcp... Xfavor soluciones!!!!!!",not_applicable,"√öltima actualizaci√≥n bloquea ingreso + m√∫ltiples desinstalaciones"
1402,"El d√≠a 7 de diciembre se volvi√≥ a colgar por la madrugada ( realic√© un pago y no procedi√≥ con el pago ;sin embargo, luego que regreso a la normalidad Yape ...me doy con la sorpresa que el dinero que supuestamente se pagaria ,ya no figuraba en mi cuenta , fue a verificar a la persona que realice el pago y esta me indica que no llego nada por su cuenta. (A d√≥nde se fue ese dinero???) Muy mal que pase eso, ya no es confiable",integrity,"7 dic: pago no procedi√≥ pero dinero desapareci√≥ sin llegar destinatario"
1403,"Le quise crear una cuenta a mi pap√° , y su DNI no lo lee, no escanea al momento de crear la cuenta DNI por m√°s que lo enf√≥co bien dentro del recuadro e incluso utilize otro celular",authenticity,"DNI pap√° m√∫ltiples enfoques/celulares sin escanear"
1404,"√öltimamente, luego de la actualizaci√≥n de yape acerca de unas mejoras con algunos bancos, por ejemplo banco de la naci√≥n. No he podido realizar ning√∫n Yape dado que el mensaje de error es el siguiente, Int√©ntelo m√°s tarde , yape no puede realizar la acci√≥n en este momento",not_applicable,"Actualizaci√≥n Banco Naci√≥n: ning√∫n YAPE int√©ntelo m√°s tarde"
1405,"Le doy una estrella por que con esta nueva actualizaci√≥n, demoro en entrar a yape , no me deja ingresar a mi clave sino que la parte donde est√° los n√∫meros se ponen blancos que no me deja ver los n√∫meros para ingresar a mi clave y poder yapear , demora 10min en aparecer.. la otra vez tome un taxi y me hizo perder el tiempo en poder yapear .. espero encuentren una soluci√≥n a esto .. es mi app que siempre me salva pero con esta actualizaci√≥n realmente no me agrada nada",authenticity,"Nueva actualizaci√≥n: n√∫meros blancos 10min + taxi tiempo perdido"
1406,"Tuve un problema me inscrib√≠ con un clave err√≥neo cuando puse recuperar mi clave sale disculpen las molestias dir√≠gete a facebook de yape incre√≠ble no sabe que ah√≠ dar los datos es peligroso por qu√© no tienes privacidad . En facebook me contestaba el robot cada 3 horas con respuestas automatizadas . Me dijeron que desinstale la aplicaci√≥n y que tal d√≠a lo vuelva instalar . Lleg√≥ el d√≠a y al momento de la instalaci√≥n me sal√≠a que no se pod√≠a por qu√© ya ten√≠a una cuenta..",confidentiality,"Recuperar clave‚ÜíFacebook datos peligrosos sin privacidad + robot 3h"
1407,"Hace dos meses que sigo con el problema de verificaci√≥n, todo bien con escanear el dni y todo, el problema es con escanear el rostro, siempre me sale que intente de nuevo y eso hasta que se bloquea, creo que ese problema tienen varias personas, y ya deber√≠an de solucionar.",authenticity,"2 meses verificaci√≥n: rostro intente nuevo hasta bloqueo + varias personas"
1408,"Que en un mundo tan global no se pueda utilizar aplicaci√≥n extranjero es absurdo y arcaico. Creo que yapear deberia poder hacerse sin tener en cuenta mi ubicaci√≥n. Ya estoy registrado en Per√∫. La aplicaci√≥n esta actualizada pero como he dicho no permite ser utilizada en el extranjero (Espa√±a y paises de Europa)",not_applicable,"Registrado Per√∫ pero bloqueo extranjero Espa√±a/Europa absurdo"
1409,"La aplicaci√≥n es buena pero se larga mucho hay ocasiones donde dice ocurri√≥ un incomodes int√©ntalo en unos minutos y no te permite acceder a tu yape otros errores frecuentes es que tiene un l√≠mite m√°ximo de yapeo y lo peor de todo es que hay veces son raras pero me ah pasado que realizas un yapeo y le env√≠as captura de la hora del yapeo por ejemplo yo yapeo 30 soles a una persona ponle que se llama Juan yo yapeo 30 soles a Juan le mando captura pero jugan revisa su yape y no le lleg√≥ nada.",integrity,"Yapeo 30 soles Juan + captura pero destinatario no recibe nada"
1410,"En los primeros meses de uso que tuve funcionaba sin ning√∫n inconveniente, ahora √∫ltimo con la actualizaci√≥n no me permite ver mis movimientos de m√°s de 30 d√≠as, antes se pod√≠a ver los movimientos hasta 90 d√≠as ahora no me muestra, solo puedo ver hasta 7 o 10 d√≠as.",integrity,"Actualizaci√≥n: movimientos 90 d√≠as‚Üí7-10 d√≠as reducci√≥n historial"
1411,"Desde la actualizaci√≥n de la c√°mara todo ha ido de mal en peor. Gracias a ella el yape no logra acceder a varios celulares porque su c√°mara no es muy n√≠tida. Mi opini√≥n ser√≠a que mejoren el sistema de reconocimiento de rostro y que mejoren la tienda de yape con ofertas que sean reales. Gracias.",authenticity,"Actualizaci√≥n c√°mara: varios celulares sin acceso + ofertas irreales"
1412,"No abre la app de Yape, antes si abr√≠a bien y todo pero de ah√≠ empez√≥ a tener sus problemas, la app se demoraba en abrir y al querer ver las promociones me sal√≠a que lo viera desde la app lo cual era extra√±o porque justamente lo hac√≠a desde ah√≠ y as√≠ fue como llegu√© a esto, donde no me abre la app, por un momento cre√≠ que necesitaba actualizar pero no me sale la opci√≥n para actualizar, necesito una soluci√≥n porfavor.",not_applicable,"Antes abr√≠a bien‚Üídemora‚Üíno abre + promociones bucle app"
1413,"yape a vuelto a fallar ahora de d√≠a, no se puede realizar ning√∫n tipo de pago lo que causa demasiada incomodidad",not_applicable,"D√≠a: ning√∫n tipo pago demasiada incomodidad"
1414,"Todo bien, lo √∫nico que me gustar√≠a es que al realizar un yapeo a un desconocido o taxista o tienda cualquiera sea posible poner tipo Yapear y luego s√≥lo escribir el numero y te aparezca el nombre y listo. Sin necesidad de tener que agregarlos a los contactos. Ya se que hay un c√≥digo qr pero la mayoria de veces demora bastante , no lo tienen a la mano, est√° borroso o falla.",not_applicable,"Sugerencia yapeo directo n√∫mero sin contactos + QR demora/borroso"
1415,"la √∫ltima actualizaci√≥n trajo fallas, de la nada me no me deja entrar, sale error",not_applicable,"√öltima actualizaci√≥n: fallas s√∫bitas error entrar"
1416,"La √∫ltima actualizaci√≥n es un desastre. No conecta a la primera en el mejor de los casos, la mayor√≠a se queda cargando. Si conecta, los n√∫meros desaparecen, resultado p√©rdida de tiempo. Es momento de regresar al efectivo",authenticity,"√öltima actualizaci√≥n desastre: n√∫meros desaparecen + regresar efectivo"
1417,"Llevo dos d√≠as queriendo registrarme y no puedo,primero no me dejaba escanear, luego no reconoce rostro y ahora que quiero volver a registrarme no me permite y dice que lo intente m√°s tarde. He vuelto a instalar la app m√°s de 3 veces y no funciona, ya hable con la p√°gina de yape y no recibo una respuesta, porfavor que pasa con esta aplicaci√≥n.",authenticity,"2 d√≠as registro: escanear‚Üírostro‚Üím√°s tarde + 3 reinstalaciones + p√°gina sin respuesta"
1418,"Ya es una constante que trato de yapear sobre todo en las noches y la aplicaci√≥n no carga y solo me sale el mensaje de que est√°n intentando solucionarlo, y al final me quedo sin yapear cuando realmente lo necesito, es una pena antes se sus actualizaciones no fallaba tanto",not_applicable,"Constante noches sin cargar + antes actualizaciones no fallaba"
1419,"Es molesto que solo se tenga 3 intentos y despu√©s tengas que esperar buen rato para yapear, y eso que a veces uno comete el error en 1 intento y ya no te permite, deber√≠an quitarlo, aparte de que se tiene problemas para ingresar sobre todo en las noches.",authenticity,"3 intentos molesto + 1 error bloquea + noches problemas ingresar"
1420,"Terrible esta app. Primero quise desafiliarme para cambiarlo con mi bcp y nunca se dessfilio. Luego cambie de celular y a los d√≠as me sali√≥ que mi tarjeta estaba bloqueada!!!! Cuando no hice nada. Me he tratado de comunicar por el facebook messenger y WhatsApp y me mandan ciertos pasos que nunca se arregl√≥ y sigue bloqueada mi tarjeta, no puede yapesr ni pueden hacerlo es el colmo!!!!",accountability,"Desafiliaci√≥n BCP fallida + cambio celular‚Üítarjeta bloqueada + Facebook/WhatsApp pasos in√∫tiles"
1421,"P√©sima aplicaci√≥n, hoy la instal√©. Llevo casi todo el d√≠a intentando hacer una transferencia (yapeo) . Me enviaron una clave de validaci√≥n, la puse y dice ,clave inv√°lida. Segu√≠ intentando una y otra vez y me sigue diciendo que no pudieron efectuar la transferencia y clave inv√°lida. üò°üò†",authenticity,"Instalaci√≥n hoy: todo d√≠a yapeo + clave v√°lida marca inv√°lida"
1422,"Terrible sistema de identificaci√≥n. Necesito la aplicaci√≥n pero me dicen que varios datos han sido bloqueados temporalmente y estoy con ese problema desde junio del presente a√±o. Incluso esper√© bastantes tiempo para volver a registrarme, tambi√©n desinstal√© e instal√© nuevamente pero a√∫n nada se soluciona, cabe recordar que mi DNI fue emitido el 2019 por lo que no est√° caducado. Quisiera que haya otra manera de poder identificar y no solo por selfie.",authenticity,"Desde junio: datos bloqueados temporalmente + DNI 2019 v√°lido + solo selfie"
1423,"Sres del Banco de Cr√©dito, tienen la obligaci√≥n de mantener actualizada y funcionando perfectamente el yape, ya que es una app financiera, que forma parte importante de la banca mobil.. ¬°¬°no es posible que tenga esos problemas!!! NO SE PUEDE ACCEDER A ELLAüòíüòí Particularmente trabajo con el yape, y necesito que este funcional.. por mi negocio. Les agradecer√≠a solucione este problema.",accountability,"BCP obligaci√≥n app financiera + trabajo negocio NO ACCEDER"
1424,"Si es muy util para hacer pagos sin tener que ir hasta el cajero....si es dseguro.....si no encuentro mi tarjeta y hacer compras y pagos en varios establecimientos y asi no llevar tanto efectivo en la billetera hasta puedo hacer mis propias recarrgas desde mi celular...hasta ver mis movimientos .....es nesesario......ya que ahora estar en un banco es riesgoso por los asaltos.......la mayoria es mas facil hasta con el Qr.....y sin agregar contacto se hace los yapeos ..muy buena idea a ustedes",not_applicable,"√ötil pagos sin cajero + seguro vs asaltos bancos + QR sin contactos"
1425,"Igual me ha pasado tres veces que yapeo y me aparece error , pero me han descontado de mi cuenta, tuve que reclamar en mi banco y solicitar la devoluci√≥n, lo hicierone devolvieron pero es inc√≥modo creer√°n que estoy jugando, me estoy desafiliando porque ya es inc√≥modo est√° situaci√≥n, me hizo preocupar mucho. Era interesante pero se ha vuelto perjudicial, xq te conf√≠as si ya consumiste que haces ese momento.",integrity,"3 veces error pero descuento + banco devoluci√≥n + desafiliando inc√≥modo"
1426,"La app √∫ltimamente, sale error cuando uno quiere transferir con el mensaje ""hemos tenido un inconveniente"", e igual te lo descuentan el monto. Y cuando uno se comunica con la app, la soluci√≥n es apersonarse al BN, una soluci√≥n obvia, sin dar otra.",integrity,"Transferir inconveniente pero descuenta + soluci√≥n BN presencial obvia"
1427,"Con el banco de la naci√≥n no funciona. Yo tengo asociada mi tarjeta del banco de la naci√≥n al Yape, y de 10 operaciones, al menos 6, las rechaza. Y dice: uy, tuviste un problema con tu banco... Y ya, te deja en el aire. ¬øQu√© pasa sien ese momento no llevas efectivo, ni tarjetas? Te deja mal y endeudado. Terrible! Cambien eso. Adem√°s, les escribes, y dicen que te van a contactar por messenger en 04 horas, ¬°alucina! En serio, que mal.",not_applicable,"Banco Naci√≥n: 6/10 operaciones rechaza + sin efectivo/tarjetas endeudado + Messenger 4h"
1428,"De pronto desde ayer me sale el mensaje de que ""por motivos de seguridad no se puede usar Yape en dispositivos con privilegios de administrador"" y nada que ver, mi equipo no tiene tal cosa, es el mismo de siempre y no ha habido ning√∫n cambio. Por favor arreglen eso.",confidentiality,"Desde ayer: privilegios administrador equipo mismo sin cambios"
1429,"Yape se a convertido en mi monedero diario de confianza, lo utilizo y mucho, sin embargo, √∫ltimamente no abre la aplicaci√≥n, desde que quiero entrar en la aplicaci√≥n no abre y no se xq ese problema se a vuelto permanente, demora mucho en abrir y casi ya no lo puedo utilizar! Ayuda!",accountability,"Monedero diario confianza + √∫ltimamente no abre problema permanente"
1430,"No soy de dejar comentarios en ninguna aplicaci√≥n, pero esta vez si amerita hacerlo. Esta aplicaci√≥n es lo peor que he intentado usar, ni siquiera cargan los n√∫meros para crear mi clave de yape, todos los malos comentarios que existen sobre esta app tienen raz√≥n, esta aplicaci√≥n es p√©sima....... in√∫til, no se tomen la molestia de perder su tiempo en usarla. Si pudiera le dar√≠a 0 estrellas.",authenticity,"Peor intentado usar + n√∫meros clave no cargan + malos comentarios raz√≥n"
1431,"La aplicacion esta pesima desde la ultima actualizacion.. Si no tienen la capacidad de trabajar con tantos usuarios deberian cerrar esto porque realmente es desesperante contar con tu YAPE para hacer pagos cuando sales a la calle o simplemente pagar alho importante y siempre salga el ""ups ocurrio un problema, intentalo luego"" no puedo intentarlo luego porque necesito el yape en todo momento para consumo no cuando le de la gana de funcionar a esta app.",not_applicable,"√öltima actualizaci√≥n p√©sima + cerrar capacidad usuarios + UPS problema + necesito todo momento"
1432,"La aplicaci√≥n es una decepci√≥n, cuando la instale me resulto de gran utilidad hasta que luego me aparec√≠a ""error"" o que algo sali√≥ mal; pens√© que era mi equipo, incluso lo formatie y limpie y segu√≠a sin funcionar, hasta el d√≠a de hoy no me funciona, en realidad sol√≠a usarlo de manera frecuente ya que resultaba ser m√°s c√≥modo que realizar una transferencia pero en realidad el d√≠a de hoy no me sirve para nada, por ello si pudiera calificarlo sin estrellas lo har√≠a.",not_applicable,"Gran utilidad‚Üíerror algo sali√≥ mal + formateo equipo sin soluci√≥n"
1433,"La peor app de pago solo acepta banco bcp mas no otros bancos como interbank, si lo hace pide foto de dni o de la parte de adelante atras etc. etc. requisitos tediosos para que al final te rechaze. Pesima app y lo peor es que se cuelga cuando quieres validar tu datos si es posible le dar√≠a ning√∫na estrella.üòíüò°üò°üò°üò°üò†üòí",authenticity,"Solo BCP + Interbank requisitos tediosos‚Üírechazo + cuelga validar datos"
1434,"desde las √∫ltimas actualizaciones viene presentando fallas ..se cuelga o dice espere...antes de eso no ocurria ese detalle... Se supone que las actualizaciones son para mejorar la app no para empeorarla .corrijan eso se√±ores de BCP..",not_applicable,"√öltimas actualizaciones fallas + cuelga espere - antes no ocurr√≠a"
1435,"Hice un credito de 200 soles en yape quiero pagarlo intent√© abonar a mi yape la cantidad que me falta pero no aparece el monto ahora seguro me van a cobrar los intereses por el aplicativo que no reconoce que hice el abono ..no pienso pagar de m√°s ya son varias veces que el yape se cae y ahy problemas con la visualizaci√≥n del monto..d√≥nde me quejo para no pagar de m√°s los intereses ya que es tema del aplicativo",integrity,"Cr√©dito 200 soles: abono no aparece + intereses injustos + varias ca√≠das visualizaci√≥n"
1436,"Que mal con esta app. Par√° mandar c√≥digo de confirmaci√≥n de n√∫mero se demora como media hora y de tanto que eh enviado me ah bloqueado y ahora no puedo entrar. Ya espere un d√≠a y sigue igual. Parece que la nueva actualizaci√≥n est√° p√©sima. Espero que arreglen eso o cu√±a es la soluci√≥n.",authenticity,"C√≥digo confirmaci√≥n media hora + bloqueado m√∫ltiples env√≠os + 1 d√≠a igual"
1437,"Con actualizaciones recientes la aplicaci√≥n simplemente no arranca como debe. Incluso ahora que la reinstal√© y trato de identificarme pero ni se muestra el teclado respectivo. Podr√≠a decir que la funci√≥n de recuperaci√≥n de contrase√±a es inservible tambi√©n. P√©simo trabajo.",authenticity,"Actualizaciones recientes no arranca + reinstalar sin teclado + recuperaci√≥n inservible"
1438,"Yano usaba yape pero tuve q hacerlo xq todo el mundo paga con eso, pero yape ya dejo de ser el yape eficiente q era, el app falla constantemente y te hace pasar mal rato, tengo d√≠as q me sale actualizar y cuando pongo actualizar nose puede, y me sale q instale en otros dispositivos,y cuando me yapean no me llega el mensaje a tiempo y si o si tengo q abrir el yape y nose puede, quise hacer tambi√©n una compra en la tienda d yape y tampoco se pudo, y nunca me devolvieron el saldo q ten√≠a en el yape",integrity,"Todo mundo paga‚Üíobligado usar + dej√≥ ser eficiente + saldo nunca devuelto"
1439,"Todo andaba bien pero hace semanas que no me aparece el c√≥digo de aprobaci√≥n para comprar por Internet ni tampoco me aparece las promos de Yape, se queda en imagen congelada. Ayuda por favor ya lo actualice a la √∫ltima versi√≥n y sigue todo igual.",not_applicable,"Semanas sin c√≥digo Internet + promos congeladas pese actualizaci√≥n"
1440,"Mejoraron la app con la huella, pero nunca es fiable, te falla en horas de la noche y le han puesto todo un market q lo hace lento y la experiencia de usuario terrible. El mercado pago en üá¶üá∑ funciona mil veces mejor y no se tiene q estar dando n√∫mero de celular solo alias.",authenticity,"Huella nunca fiable + noches falla + market lento - Mercado Pago Argentina superior"
1441,"Por qu√© no me muestra mi saldo, lo desintale por si quiza sea un error lo volvi a instalar y sigue igual no me deja ver mi saldo me sale ""Por ahora no podemos mostrar tu saldo, por favor vuelve a intentarlo m√°s adelante."" Pueden solucionarme ese error y nose si solo sea a mi o a muchos les sucede lo mismo!",integrity,"Saldo no muestra + reinstalar sin soluci√≥n + muchos mismo problema"
1442,"Tengo un problema, necesito una soluci√≥n urgente, desde hace d√≠as me sale que ocurri√≥ un problema y que cierre la aplicaci√≥n y vuelta a entrar, pero lo hago y me sigue apareciendo el mismo mensaje, lo desinstale y lo volv√≠ a instalar, el problema persiste y no se a que se debe.",not_applicable,"D√≠as problema cierre/reentrar + reinstalar problema persiste"
1443,"Estuve usando muy bien yape hasta que me pide ""actualizar"" y all√≠ empez√≥ el problema, pues no se puede actualizar, ya llevo una semana y nada; los trabajadores que hacen publicidad tampoco me dan soluci√≥n. El dinero se qued√≥ all√≠ y no hay como trasladarlo o sacarlo. Necesito una soluci√≥n.",accountability,"Usaba bien‚Üíactualizar problema + 1 semana + dinero retenido sin trasladar"
1444,"Buena, pero su principal defecto es que actualizan demasiadas veces en muy poco tiempo, pueden haber como 3 actualizaciones en solo 5 d√≠as y el problema es que la mayor√≠a de las veces no puedes continuar usando la aplicaci√≥n si es que no lo actualizas y actualizar a cada rato demanda tiempo hacerlo.",not_applicable,"3 actualizaciones 5 d√≠as + no continuar sin actualizar obligatorio"
1445,"es una farsa me an sacado plata se yapeo autom√°ticamente a un tal ""yape seguro"" no pasa nada esta aplicaci√≥n",integrity,"Farsa: yapeo autom√°tico 'yape seguro' saca plata"
1446,"Deber√≠an quitar el reconocimiento facial para volver a iniciar sesi√≥n, cuando renuevas tarjeta te piden que se haga reconocimiento facial pero el sistema de la RENIEC es tan nefasto que impide un correcto proceso, pongan otro tipo de validaci√≥n de datos, por ahora dejar√© de usar Yape, usar√© otras billeteras virtuales.",authenticity,"Renovar tarjeta: facial RENIEC nefasto impide proceso + otras billeteras"
1447,"Cada vez m√°s p√©simo con las actualizaciones , como es posible q ahora ya no llegue la notificaci√≥n en la pantalla, y llegu√© x mensaje de texto y cuando yapean demora un monto el mensaje de texto , y hay q estar entrando a la aplicaci√≥n y ver si realmente est√° el yape , regresen las actualizaciones anteriores y q notifiquen x la pantalla",not_applicable,"Actualizaciones p√©simas: notificaci√≥n pantalla‚ÜíSMS demorado + verificaci√≥n manual"
1448,"Actualic√© mi yape a √©sta versi√≥n y ya no responde... me comunique al n√∫mero oficial de yape (whatsaap) y terrible , me pasaron de asesor en asesor y nadie sabe porque no responde mi yape...Desinstal√© y volv√≠ a instalar varias veces cubriendo las indicaciones que daban los asesores (siempre las mismas) y nada...es un fastidio la app ya m√°s el servicio al cliente que ofrecen por whatsapp.",not_applicable,"Actualizaci√≥n no responde + WhatsApp asesores sin saber + mismas indicaciones in√∫tiles"
1449,"Al principio me funcionaba genial, despu√©s de un tiempo comenz√≥ a aparecer un mensaje cuando intentaba ingresar: ""Ups... Yape no responde. Int√©ntalo de nuevo, si el problema persiste intenta m√°s tarde"" y eso fue hace m√°s de un mes, eso arruin√≥ por completo mi experiencia, ojal√° puedan arreglarlo.",not_applicable,"Funcionaba genial‚Üí1+ mes UPS Yape no responde arruin√≥ experiencia"
1450,"Todo bien para recibir el dinero o cobrar, lo √∫nico malo con esta experiencia de YAPE en lo personal, no me aparece la opci√≥n de enviar dinero a otros. Y ya he consultado a otros y me dijeron que si les aparec√≠a esa opci√≥n, pero en mi caso no saben de por que no me aparece la opci√≥n de enviar dinero.",not_applicable,"Recibir bien + otros s√≠ env√≠an pero usuario sin opci√≥n enviar"
1451,"Fatal se ve que han tenido un error en su √∫ltima actualizaci√≥n incluso hasta con wifi no se conecta y lo m√°s extra√±o aparece con letras grandes como si tuviera superpuesta otro aplicativo y cuando se descarga aparece como no deseada ya que est√° reportada por varios usuarios, me voy a plim !!!!",confidentiality,"√öltima actualizaci√≥n fatal + WiFi no conecta + app reportada usuarios‚ÜíPLIN"
1452,"Bueno al inicio cuando la empec√© a utilizar estaba muy bien, el problema surgi√≥ cuando ped√≠a que renovar√° mi cuenta intente en renovar mi cuenta y no me reconoci√≥ as√≠ que tuve que eliminar mi cuenta, luego intente abrir una nueva cuenta pasa que no me reconoce. No s√© si podr√° dar alguna soluci√≥n al problema..",authenticity,"Inicio bien‚Üírenovar cuenta no reconoce + eliminar‚Üínueva tampoco reconoce"
1453,"Yape se volvi√≥ un horror...!!! Cada rato me sale... tuvimos inconveniente. Aseg√∫rate que tu tarjeta est√© activada en compras por Internet... Toda la santa Tarde... estoy intentado yapear y nada. üò§ üò§ üò§ üò§ Por favor arreglen eso lo m√°s pronto.",not_applicable,"Horror: cada rato inconveniente tarjeta Internet + toda tarde intentando"
1454,"Yo llevo meses sin poder realizar yapeos solo los puedo recibir ya q cuando quiero yapear se cierra la app e desinstalado y e vuelto a instalar e cambiado mi correo y tarjeta y lo mismo sucede ya hasta me e cansado de escribirles x n√∫mero del WhatsApp y no me dan soluci√≥n e ido al mismo banco bcp y tampoco saben darme una soluci√≥n q pena de verdad xq era una buena opci√≥n pero estoy muy decepcionada. Ojal√° puedan ver este casoüòî",not_applicable,"Meses solo recibir + yapear cierra + WhatsApp/BCP sin soluci√≥n decepcionada"
1455,"La verdad no me resulto util esta apk por que primero no carga y si esque carga demora, apesar de que lo e intentado con varias redes de interned. Otro punto que aveses cuando llenamos datos como los nombres no deja continuar con el procedimiento y se congela. Mejor la desinstalo y espero mejore su apk.gracias.",not_applicable,"No carga/demora varias redes + datos nombres congela procedimiento"
1456,"Bueno ....la app es buena se pueden realizar Retiros de efectivo,pagos (yapeos) y etc... pero muchas personas tienen raz√≥n que cuando no est√°s conectado a una fuente de interned no se reciben los yapeos y te lo quita ,en este caso yo recomiendo no yapear cuando no est√©s conectada(o)",not_applicable,"Buena retiros/pagos + sin internet yapeos quitados - no yapear desconectado"
1457,"La aplicaci√≥n me sale error cuando ingreso mi contrase√±a y cuando al fin puedo entrar no me deja hacer los yapeos. Me ha pasado que al final he pagado m√°s de una vez a la misma persona porque los yapeos que sal√≠an error al final s√≠ se realizaron.",integrity,"Error contrase√±a + yapeos error‚Üím√∫ltiples pagos misma persona"
1458,"la tuve mucho tiempo y todo bien. Ahora de pronto me pide actualizar, la nueva versi√≥n ya esta actualizada en mi celular, en play store me sale como √∫nica opci√≥n de abrir y me ennvia nuevamente a la app que me pide actualizar nuevamente. Si pudiese subir las fotos las pondr√≠a para ayudar a mejorar el servicio.",not_applicable,"Mucho tiempo bien‚Üíactualizar bucle Play Store √∫nica opci√≥n abrir"
1459,"No deber√≠a ni ponerle una estrella pero en fin, lo tengo que hacer para poder hacer llegar mi reclamo, estoy que quiero ingresar y me indica actualizaci√≥n, se redirige al playstore y no indica ninguna actualizaci√≥n ya van m√°s de 2 d√≠as y nada. Forzosamente tengo que utilizar esta app en vista a que la mayor√≠a de mis contactos lo usa pero ya encontrar√© opciones.",not_applicable,"2+ d√≠as actualizaci√≥n Play Store sin indicar + forzado usar contactos"
1460,"En si la app es muy √∫til pero no me deja entrar a la tienda, sale tiempo de sesi√≥n terminado e ingresar nuevamente pero igual no me deja ingresar y eso que reporte el problema con el soporte de la app y lo √∫nico que dijo desintala la app y vuelve a instalar lo hice y el problema continua, pens√© era problema del celular pero cambie de equipo a unos moderno y el problema persitio",not_applicable,"Tienda sesi√≥n terminado + soporte desinstalar in√∫til + celular moderno persiste"
1461,"Ya son 3 meses que no puedo acceder a mi dinero y no ofrecen ninguna solucion. Cada pocas semanas se bloquea, no aparecen los n√∫meros para marcar la clave y puede estar as√≠ por semanas, en pocas palabras, el dinero que est√° ah√≠, no est√° disponible, no se puede usar, es como un secuestro y lo peor es que no hay comunicaci√≥n con el banco ni con asistencia t√©cnica, ni por facebook ni por ning√∫n otro medio",accountability,"3 meses sin acceso dinero + n√∫meros clave semanas bloqueados = secuestro + sin comunicaci√≥n"
1462,"La app en s√≠ ayuda mucho pero lo que inc√≥moda es que a cada rato tengo que actualizar la app y eso me causa malestar e incomodidad. Por que modifican tanto la app por favor veces no hay espacio en el tel√©fono y tenemos que borrar cosas importantes para actualizar la app y as√≠ no es ps tener consideraci√≥n por esa parte. Gracias",not_applicable,"Cada rato actualizar malestar + sin espacio borrar importantes"
1463,"Ahora que quiero instalar porque mi chip estaba viejito y tuve que cambiarlo es un gran problema cuando llego a la parte del escaneo del dni, intent√© de varias maneras con luz fuerte y mi escaner del celu est√° bien, pero mi dni es el azulito y tanto intentar ya no puedo tener yape..busquen otra manera por favor.",authenticity,"Chip cambio: DNI azul m√∫ltiples intentos luz fuerte sin √©xito"
1464,"Estoy disconforme con la aplicaci√≥n, ayer le yapee a una persona y se supone que cuando uno yapea le llega un solo yapeo a la persona, en mi caso no, se yapeo dos veces, en la misma hora, el mismo monto y a la misma persona, solo que diferente c√≥digo y a esa persona le lleg√≥ el yape normal, porque incluso actualic√© la app y sigue registrado, ahora tengo desconfianza porque no me imagino si hubiera sido un monto much√≠simo mayor.",integrity,"Ayer: 1 yapeo‚Üí2 yapeos misma hora/monto/persona c√≥digos diferentes + desconfianza monto mayor"
