numero_comentario,comentario,clasificacion_iso_25010
801,"Muy mala, novpuedo entrar a mi aplicativo",not_applicable
802,"Ahora ya se les pas√≥ la mano, la app no es compatible con mi dispositivo....",not_applicable
803,"PORQU√â NO PUEDO ACTUALIZAR LA APP EN MI CELULAR, INDICA QUE NO ES COMPATIBLE CON MI DISPOSIVO SIENDO ESTE UN S23!!!",not_applicable
804,"La √∫ltima actualizaci√≥n 8.8.3 sale que no est√° disponible y no me permite ingresar a mi cuenta. En la informaci√≥n de la app dice que es compatible para Android 8.0 y posteriores, pero al querer volver a instalar sale de que no es compatible. Por favor, solucionar pronto",not_applicable
805,Indica que ya no es compatible con mi dispositivo? Que quieren que compre y gaste en otro ????,not_applicable
806,No puedo usar porque dice versi√≥n no disponible,not_applicable
807,"Dicen que mi celular no es compatible por la nueva actualizaci√≥n, pero antes la ten√≠a instalada",not_applicable
808,No me deja actualizar a la √∫ltima versi√≥n.,not_applicable
809,No puedo instalar esta versi√≥n .Yo no he tenido problemas antes. Me indica que esta versi√≥n no es compatible con mi celular honor x7b,not_applicable
810,De la nd no puedo entrar a la cuenta porq dice q es una nueva versi√≥n no entiendo nada y no veo una App m√°s del banco,not_applicable
811,La app dej√≥ de funcionar de un momento a otro porque dice que no es compatible con mi dispositivo,not_applicable
812,"P√©simo, ahora ya no me deja abrir la aplicaci√≥n y poder ingresar a mi cuenta, me piden una nueva versi√≥n, pero no me deja actualizar porque me sale que mi dispositivo no es compatible",not_applicable
813,No funciona la aplicacion,not_applicable
814,Cada vez peor siempre falla Ya est√° afectando mi econom√≠a,not_applicable
815,"Desde que la actualic√© ayer en la ma√±ana, no puedo entrar a la App, ahora ya ni siquiera me deja descargarla, diciendo que no es compatible con mi celular???",not_applicable
816,Estaba bien hasta su actualizacion ahora me dice que mi dispositivo no es compatible y solo lo reinicie ayer.. no entiendo,not_applicable
817,Problemas con el aplicativo siempres es as√≠ que mal servicio.,not_applicable
818,No puedo ingresar a la app. Tengo un Samsung Galaxy S24 y hasta ahora no puedo ingresar ya son varias horas. La app cada vez que la abro se cierra. Y mi m√≥vil quiere retirarle la confianza y bloquearla. Por favor brinden una respuesta porque leo muchas opiniones negativas y no leo ninguna respuesta del banco o del desarrollador.,not_applicable
819,"Dice que ya no es compatible con mi dispositivo, podr√≠an ayudarme!!!!! Mi celular es un Honor",not_applicable
820,"La app cada vez empeora,ahora no se puede ingresar para nada, sale error que decepci√≥n üòû üëé",not_applicable
821,Por favor denme soluci√≥n porque aparece que mi tel√©fono no es compatible con el aplicativo,not_applicable
822,P√©simo,not_applicable
823,Se actualizo y ahora ya no funciona Que p√©simo servicio,not_applicable
824,"Tantas dificultades que perjudican al cliente de verdad quien los supervisa fiscaliza corrige ,nadie estamos en PERULANDIA d√≥nde haces lo que te da la gana y no pasa ni les pasa nada",not_applicable
825,"Hasta ayer pude utilizar la app normalmente pero hoy me dice que no es compatible con mi celular, ya no puedo hacer nada con mis cosas, cada vez es peor esto :(",not_applicable
826,No sirve la aplicaci√≥n arreglen por que no es compatible casi con ning√∫n telefono,not_applicable
827,P√©simo en vez de arreglar lo malograron,not_applicable
828,No s√© x q Mi dispositivo ya No si es Actual el cel ..q mal Scotiabank,not_applicable
829,Pueden solucionar el app me sale que no es compatible con mi tel√©fono qud han hecho,not_applicable
830,"Demora todo, p√©simas actualizaciones",not_applicable
831,Deja de funcionar y no da ninguna explicaci√≥n,not_applicable
832,Me sale que esta app ya no es compatible ahora como hago???,not_applicable
833,"Necesit√≥ que me den una respuesta, me sale que mi dispositivo no es compatible con esta app y que no puedo descargarla. Necesito hacerlo ya que manejo mi empresa y necesit√≥ hacer m√∫ltiples pagos, por favor denme una respuesta inmediata, no hay otra manera para m√≠ de depositar, retirar etc.",not_applicable
834,"Dice que la aplicaci√≥n ya no es compatible con mi celular, siendo este un modelo actual. No entiendo los problemas del mismo.",not_applicable
835,"Tengo un s23 ultra, y no me deja descargar la app",not_applicable
836,Por qu√© despu√©s de tener la app indica que mi dispositivo no es compatible con esta versi√≥n?,not_applicable
837,"Ya no esta disponible para mi dispositivo, supongo que tengo que tener un S25 ultra para correr Scotiabank ü§°",not_applicable
838,Siempre hay problemas con la app,not_applicable
839,No puedo ingresar a mi scootiabank por qu no es compatible con mi dispositivo,not_applicable
840,"porque no se puede instalar la App en un Samsung A55 5G? si hasta ayer se pod√≠a utilizar, ahora como hago, como veo los movimientos como utilizo el plin necesito explicaci√≥n",not_applicable
841,La peor app que eh visto,not_applicable
842,Mala,not_applicable
843,"Se√±ores de Scotiabank como es posible que me salga que esta app no es compatible con mi celular siendo un Samsung S23 ultra, no puedo ingresar desde ayer a hacer ninguna transferencia y me preocupa no poder ver mi saldo, curiosamente esto paso desde que les rechac√© su tarjeta de cr√©dito porque me ten√≠an cansado con sus llamadas acosadoras, uds son lo peor, constantes fallas y p√©simo trato al cliente; estoy pensando en retirarme de este banco.",not_applicable
844,"Experiencia mal√≠sima, no se puede instalar app a pesar de tener cuenta en el banco. Ahora tengo que entrar por web que demora mucho m√°s, en vez de facilitarnos la vida nos complica.",not_applicable
845,Que pas√≥ con esta Apple dice que ya no es compatible con mi celular,not_applicable
846,No funciona en el equipo Samsung A55,not_applicable
847,Tengo un Sansung A53 y me indica la App que no es compatible.... ???? Alguien podr√≠a dar una soluci√≥n,not_applicable
848,"Despu√©s de la actualizaci√≥n no me permite el uso de la app, sale para Android 8.3.3 y posteriores pero Android 14 no funciona",not_applicable
849,Deben mandar aunq sea un correo avisando q tendr√°n problemas en el sistema,accountability
850,Es incre√≠ble que esta app. No me deja intalar en mi tel√©fono por hay una nueva versi√≥n y no es compatible con mi tel√©fono y como hacemos entonces.. Y de paso y que me comunique con los desarrolladores.. No entiendo quiere que llame a los chinos porque este tel√©fono es chino.. Ja ja ja ja ja ja ja,not_applicable
851,La app ya no funciona en mi Samsung A52 pq dice que no es compatible,not_applicable
852,Que han hecho dice q mi celular no es compatible üò°üò°üò°üò°,not_applicable
853,Y eso que no merece ninguna estrella solo puse para que puedan ver y dar soluci√≥n a mi caso lo que pasa que lo instale y todo cuando me registro me sale que esta apps no es compatible con tu dispositivo ¬øalguien sabe por qu√© sucede eso?,not_applicable
854,"P√©sima aplicaci√≥n no se porque, pero actualice la √∫ltima versi√≥n y me sale que no es compatible con mi tel√©fono. Hasta reinicie mi tel√©fono y nada",not_applicable
855,"Noo puedo ingresar a la. App me dice que la actualice, lo hago ahora no es compatible con ning√∫n dispositivo que tengo ni en la laptop la puedo abrir. Antes era tan sencillo usarla y cada vez que la actualizan perjudican m√°s a los usuarios. Super p√©sima.",not_applicable
856,Ayuda no me deja actualizar la app.,not_applicable
857,Basura de banco y basura de app,not_applicable
858,"Desde que actualizaron el app, ya no puedo ingresar, me sale que no es compatible con mi disposito, por favor arreglen esta situaci√≥n ya que uso el app para operaciones en linea sino me ver√© obligado a cambiar de entidad financiera.",not_applicable
859,"No solo me han causado varios problemas con el PLIN, cobr√°ndome doble incluso, si no que ahora su aplicativo ya no es compatible con mi equipo de celular!! Esto es otro nivel.",integrity
860,Recien hoy me aparece que no es compatible con mi celular.,not_applicable
861,Ahora no puedo acceder desde mi celular P√©simo servicio,not_applicable
862,No se puede ingresar al app sale error de and versi√≥n 8.8.0 y solicita una actualizaci√≥n no disponible,not_applicable
863,"Mi app dejo de funcionar, dice que debo actualizar y no se puede necesito una soluci√≥n",not_applicable
864,No es compatible con mi cel ahora no puedo usar mi banca m√≥vil,not_applicable
865,No puedo instalar mi APP,not_applicable
866,No funciona...deveras que uno sufre incomodidades al paga y ver que no est√° en funcionamiento. Si fuera as√≠ saque lo de las plataformas e iremos a. Otra que si tenga ..que mal...como acaba,not_applicable
867,Mala,not_applicable
868,22 de febrero 2025 para un samsung s24 ultra me.indica que no es compatible con mi.movil caso extra√±o y no ingresa a la app lo desinter√©s y quise volver a instalar y no se puede,not_applicable
869,Dice que la app no es compatible con mi tel√©fono? Tampoco es que tenga un tel√©fono del 2000. No pueden limitar tanto las opciones para descargar aplicaciones. Para que nos hacen dependientes de las app si no la van a seguir manteniendo.,not_applicable
870,Ya no es compatible con mi honor despu√©s de su actualizaci√≥n,not_applicable
871,No kiere ingresar a mi app,not_applicable
872,"Me dice que hay nueva actualizaci√≥n, pero cuando lo busca no aparece nada. Realmente p√©simo.",not_applicable
873,"Una porquer√≠a,no s√© que le hicieron a la aplicaci√≥n",not_applicable
874,"En realidad es una gran decepci√≥n la empresa Scotiabank sus aplicaciones son un desastres, en diferentes horarios no puede ingresar la aplicaci√≥n plin, has algo sres. Para poder solucionar.",not_applicable
875,"Dejo de ser compatible con mi celular que basura, me cambiare de banco",not_applicable
876,Esta aplican no es compatible con mi samsung A23,not_applicable
877,Hoy intente abrir y me sale que mi telefono no es compatible.,not_applicable
878,"Me sale que la app no es compatible con movil, si hasta hace 2 d√≠as todo estaba ok",not_applicable
879,"De un momento a otro, est√° aplicaci√≥n ya no es compatible con mi ceular y ahora qu√© hago, cambio de banco mejor. in√∫tiles.",not_applicable
880,"Todo estaba bien pero ahora no es compatible con mi celular, por que, ahora no puedo usar la app. Alguna soluci√≥n gracias",not_applicable
881,Mi celular ya no es compatible con esta versi√≥n. Es una desgracia,not_applicable
882,"Este banco debe mejorar no sirve esta app, me voy a bcp",not_applicable
883,No me acepta mi aplicaci√≥n en m i tel√©fono porque,not_applicable
884,Sale no compatible,not_applicable
885,Me indica que no es compatible con tu tel√©fono y es un honor del a√±o pasado,not_applicable
886,No actualiza y el app no abre,not_applicable
887,"Mala experiencia, cada vez est√° peor no se si es el banco o el personal que se cree due√±o del banco, no hay buen trato al cliente",not_applicable
888,"No funciona el Aplicativo con la nueva versi√≥n ????,me sale que el Apple no es compatible con mi telefono",not_applicable
889,"Una porquer√≠a de app, hoy amanec√≠ con el mensaje que hay actualizaci√≥n, me lleva a play store y no hay nada que actualizar, ya no pod√≠a ingresar, desinter√©s y volv√≠ a instalar y el mensaje es el mismo",not_applicable
890,No me permite ingresar a mi aplicaci√≥n,not_applicable
891,Me sale que mi celular ya no es compatible ayuda tengo un s24 ultra,not_applicable
892,Terrible ahora dice que no es compatible con mi equipo nisiquiera puedo entrar.,not_applicable
893,"Desde anoche no puedo usar la app, llamo a servicio al cliente y te dejan esperando y nunca te atienden. ü§∑‚Äç‚ôÇÔ∏è",not_applicable
894,Mala no se puede habri la aplicaci√≥n,not_applicable
895,Muchos inconvenientes con el App.,not_applicable
896,Ahora que la actualize no puedo entrar a mi cuenta . Cada vez estamos peor,not_applicable
897,Mala experiencia se cuelga,not_applicable
898,"Siempre falla, por ejemplo ahora dice que hay un error y lo intente m√°s tarde, como si los pagos esperar√°n",not_applicable
899,Dice que hay una nueva versi√≥n env√≠a a play store y no sale ninguna actualizaci√≥n... P√©sima aplicaci√≥n... Solucionen no funciona la APP.,not_applicable
900,La √∫ltima actualizaci√≥n cerr√≥ por completo la aplicaci√≥n como si nisiquiera tuviera las credenciales para funcionar ....,not_applicable
