ID,Comentario,Clasificacion_ISO25010
1601,"Pesima , no puedo ni visualizar mi saldo, en todo momento sale "" lo sentimos, en este momento nuesta app se ha detenido"". De verdad q incomodo, estaba mucho mejor consultando mi saldo marcando el *551#, pero como active el token ahora ya no puedo usar lo mencionsdo. Q terribleeeeeee, con URGENCIAAA q un Ing. de sistemas operativise lo mejor q pueda este app.",not_applicable
1602,"Le doy 1 estrellas porque no se puede poner ninguna, basura de aplicaci√≥n nunca funciona correctamente el 80% de las veces est√° ca√≠da. De las peores experiencias que eh podido tener enserio...",not_applicable
1603,"Bueno seg√∫n mi punto de vista, el apk deben de implementar ahi el token digital integrado al apk, por que cuando ingresa sin ese toquen no puedo realizar transferecias, pagos, y es demaciada molestia llamar al banco eh ir al mismo banco a que activen, en particular es demaciada perdida de tiempo y dinero cuando queremos realizar alguna operacion, por ahora estoy desepcionado con el banco y el apk.",not_applicable
1604,"P√©simo, desde casi una semana no se puede ingresar, ""en estos momentos no hemos podido procesar la operaci√≥n, por favor intentar m√°s tarde"" ya cansa y a cualquier horario ves igual",not_applicable
1605,"Pesimo regresen las funciones anteriores. Ahora no puedo hacer transacciones ni pagos ni nada ...arreglen eso del TOKEN porq ahora por la situacion no se pueden aglomerar las personas en los bancos. Ni de co√±a acepto esto, exijo q regresen la anterior versi√≥n o permitan crear un TOKEN online. Ni una estrella les daria si fuera posible.",not_applicable
1606,Muchos problemas en el aplicativo. Problemas de conexi√≥n. Actualizaci√≥n que no sirve. Verg√ºenza de aplicaci√≥n. Dej√≥ de funcionar en algunos smartphones.,not_applicable
1607,Pues sigue con los mismos erros esta porquer√≠a de sus app es que no tiene un buen desarrollador un buen programador que haga su trabajo eficaz y precis√≥ hasta cuando vamos tener que esperar para hacer las operaciones p√©simo servicio la peor banca que puede haber me ir√© a continental mejor que halla dan mejor servicios.,not_applicable
1608,P√©sima App siempre tengo que estar actualizando mis datos llendo al mismo banco cuando todos saben que es una inmensa cola y no es justo que siendo un banco tenga que estar pasando por esto es el primer banco con que tengo estos problemas por que los dem√°s son excelente,not_applicable
1609,Los mensajes de nuevas actualizaciones y que no abren la aplicaci√≥n para realizar Consultas. Ser√≠a bueno que realicen actualizaciones autom√°ticas.,not_applicable
1610,Ha pedido actualizar y cuando se actualiz√≥ me vuelve a salir mensaje de que hay una nueva versi√≥n le doy actualizar y comienza el c√≠rculo vicioso. Solucionen por favor para bien o para mal y con sus defectos era √∫til en las funciones b√°sicas,not_applicable
1611,"Al parecer deben contratar nuevos desarrolladores de la app, porque cada vez est√° peor, √∫ltimamente est√° que me aparece ese mensaje ""En este momento no hemos podido procesar la operaci√≥n. Por favor intentar m√°s tarde"" y aburre eso. Gracias",not_applicable
1612,"Coloqu√© mi clave y todo oky y no ingresa. Dice clave ingresada es incorrecta. Pero estoy segura de que no lo es, entonces, bueno coloqu√© generar nueva clave, sali√≥ bien despu√©s de varios d√≠as porque el sistema no aceptaba la nueva clave...Me sigue saliendo clave ingresada es incorrecta. P√©simo servicio; adem√°s llam√© a los n√∫meros que aparecen en la secci√≥n de ayuda y los 3 est√°n fuera de l√≠nea. Ni una estrellita se merecen. Coincido con todos que deben informar que la app es solo de adorno.",authenticity
1613,Que tal. Se√±ores BN me gustar√≠a que actualicen como los toquen digital y no por mensaje de texto a veces yo me encuentro. En una zona rural donde no hay cobertura solo wifi y no puedo ni hacer recargas ni compras me gustar√≠a que arreglen eso por eso nle doy solo dos estrellas,not_applicable
1614,Deber√≠an mejorar la app. S√≥lo me aparece que en este momento no se puede realizar la operaci√≥n. Ni abrir la app se puede . Luego de d√≠a y medi. en una de tantos intentos reci√©n se puede.,not_applicable
1615,"Su aplicaci√≥n es una reverenda basura, no sirve para nada uno entra a cualquier hora no abre o sale el mensaje ""en estos momentos no hemos podido procesar la operaci√≥n"" una basura de aplicaci√≥n.",not_applicable
1616,"P√©sima aplicaci√≥n, siempre tiene fallas, no se puede hacer dep√≥sitos interbancarios, en ocasiones no deja iniciar sesi√≥n. Deber√≠an aprender a la aplicaci√≥n del BCP.",not_applicable
1617,"La peor app bancaria. Demora en cargar, error a cada instante, problemas de servidor... Nombrar todas las deficiencias ser√≠an las de nunca acabar.",not_applicable
1618,La app sigue presentando el mismo error hace semanas (se cierra sola) por un error des desarrollador y hasta ahora no llega la actualizaci√≥n para corregir el problema.,not_applicable
1619,Varios momentos to sale el mensaje que ingrese mal mi contrase√±a cuando no es cierto despu√©s de volver a actualizar la app puedo ingresar... osea cada instante se debe actualizar por eso le pongo 3,authenticity
1620,Cu√°ndo van a actualizar esta bendita app? Es realmente un desastre y lo peor que no pueden solucionarlo. En esta √©poca de pandemia esta herramienta ayudar√≠a mucho y evitar√≠a largas colas. Lamentable!,not_applicable
1621,"Es incre√≠ble que haya pasado varios meses y no solucionen el problema que existe para ingresar al app, hasta cuando nos veremos afectados si pudi√©ramos cambiarnos a otro banco lo har√≠amos pero lamentablemente los que trabajamos en sector publico si o si tenemos que estar afiliados en este banco",not_applicable
1622,"Toda la semana est√° que me sale que coloqu√© por tercera vez la clave incorrecta, desinstalo y vuelvo a instalar, genero contrase√±a nueva y nada en primera me dice lo mismo. Sigue igual no se puede ingresar a la APP. Que mal.",authenticity
1623,Me sale que ingrese 3 veces mal la clave pero es porque la app se congela y se intenta un mont√≥n de veces pero ya no puedo ingresar . No puedo ver mi estado de cta. ¬°Que horror!,authenticity
1624,"Deber√≠an solucionar y arrrglar la app casi siempre falla el app ,en mi caso si abre la app pero no se puede hacer recargas ni transferencias solo sale un sms cancelar ,y no sale ni para ingresar el n√∫mero a recargar ni el monto ni transferir se puede",not_applicable
1625,"P√©sima app. En situaciones como la actual que no debe. Os acercarnos al banco, deber√≠a ser m√°s efectiva. No se puede hacer transferencias, pagos de servicios incluso muy limitados. Horror",not_applicable
1626,"Qu√© mal, funciona fatal, cada vez peor. Qu√© necesidad de andar actualizando a cada rato.Un aut√©ntico asco, no he iniciado ni una vez sesi√≥n pero me dice que ya he hecho tres intentos.",authenticity
1627,"No se pueden hacer transferencia con normalidad a otros bancos, siempre sale ""mantenimiento"". No se puede migrar a clave SMS. A veces se cierra sola el app.",not_applicable
1628,"La estuve usando hasta hoy, que se actualiz√≥ y cada vez que ingreso, pide actualizar y si cancelo, se cierra. Arreglen eso por favor. Gracias",not_applicable
1629,Totalmente un asco de aplicativo ..no se puede entrar cuando se requiere.. no carga dice error intente mas tarde ...o q ya se super√≥ los 3 intentos ..no sirve esa app ..no funciona,authenticity
1630,"Desde la app no se pueden realizar pagos de servicios, no est√° habilitada para las transferencias inmediatas, solo las diferidas y cuando quieres guardar una cuenta frecuente no lo hace, sale mensaje diciendo que hay un error que no solucionan hace varios meses.",not_applicable
1631,"Terrible, es el peor aplicativo nisiquiera puedo ingresar porque env√≠a mensaje que estos momentos no se puede acceder. Lo peor es que el estado te paga por este banco que ni siquiera puede invertir en un buen canal digital.",not_applicable
1632,"La √∫ltima actualizaci√≥n tiene muchos errores, no permite escribir la clave, se cierra de pronto al ingresar el n√∫mero de toquen para actualizar informaci√≥n, deben verificar esos problemas de actualizaci√≥n",authenticity
1633,"falta teclado son bn maleados para actualizar y no poner teclado y como pongo mi contrase√±a sino hay ni teclado del cel ni del aplicativo, es la un AS el q lo actualiz√≥, pesima actualizacion hay un bug, la aplicacion se cierra sola al querer consultar mis datos",not_applicable
1634,"Un asco el aplicativo cada rato se cuelga no permite ingresar diciendo en este momento no hemos podido procesar la operaci√≥n se para colgando y colgando, cada actualizaci√≥n m√°s lento y peor servicio, se extra√±a mucho *515# ese era muy efectivo",not_applicable
1635,"Para todos que no pueden entrar a la app porque les sale que esta en modo de depuraci√≥n, vayan ajustes-->opciones de desarrollador---> desactivan depuraci√≥n por USB (si no funciona as√≠ desactivan la opci√≥n de desarrollador)",not_applicable
1636,"Que p√©simo servicio y atenci√≥n que tienen para eso cierran el *551#, que era m√°s eficiente para poner una porquer√≠a de aplicaci√≥n te dice actualiza y actualizas y resulta que no nos pueden atender si no nesesitaria est√° porquer√≠a de aplicaci√≥n jam√°s la ubice descargado la peor de todas la verdad",not_applicable
1637,"P√©sima aplicaci√≥n, no sirve para nada m√°s que ver tu saldo, no se pueden hacer transferencias ni giros en ning√∫n momento del d√≠a para ning√∫n banco. Deber√≠an mejor en todo sentido.",not_applicable
1638,"Hay problemas con el aplicativo y la banca por Internet, me piden ""actualizar datos"" y cuando trato de hacerlo, se sale del sistema, Imposible entrar. Solucionar pronto el inconveniente.",authenticity
1639,La app dej√≥ de funcionar de la nada. Se congela y ni siquiera puedo ingresar mis datos. Esto perjudica al usuario ya que efectuamos transacciones por la app.,not_applicable
1640,"Es un horror de aplitivo tiene uno que hacer muchos intentos para poder abrir y es m√°s y si uno logra abrirlo sale que ya son m√°s tres intentos y no carga y la clave es incorrecta, lavedad deben mejorar porque as√≠ no sirve",authenticity
1641,"No funciona bien en horarios nocturnos y domingos, adem√°s mucho error con YAPE, a cada rato descuentan operaciones que no ""pasaron"" en el app YAPE, y se tiene que estar reclamando para que hagan la devoluci√≥n.",integrity
1642,"La aplicaci√≥n no funciona desde hace un mes la abro y no puedo colocar ning√∫n dato , se queda completamente congelada se agradecer√≠a una actualizaci√≥n para solucionarlo.",not_applicable
1643,"La peor aplicaci√≥n de todos los bancos, ese error de clave incorrecta o a intentado mas de 3 veces es falso porque la clave si es correcta , en realidad es desgastante, cero estrellas!!!!!!!",authenticity
1644,Fatal! La aplicaci√≥n no abre se queda colgada en la p√°gina de inicio. Urge que arreglen el problema o en todo caso eliminen la app si no pueden hacerlo bien,not_applicable
1645,"No se puede ingresar a la app, solo se queda en la pantalla roja y autom√°ticamente sale de la app. Ya lleva m√°s de 5 d√≠as as√≠! Soluci√≥n porfavor!",not_applicable
1646,"Espantosa aplicaci√≥n, no tiene finalidad pr√°ctica. Ahora, llevo varias ocasiones en la que sale que he hecho 3 intentos fallidos al ingresar la clave y eso no es verdad. Tampoco sirve mucho con el Yapeo.",authenticity
1647,"Que fastidio!ü§¶‚Äç‚ôÄÔ∏è no funciona bien, por que no funciona como antes al poner mi clave de internet, ahora tengo que ir al mismo banco de la naci√≥n para que vean cual es la falla!üòí ahora a esperar una colasa y peor en esta pandemia üòëüòíü§® arreglenlo, porque est√° fallando la aplicaci√≥n del banco de la naci√≥n! üòëüòí",authenticity
1648,Primero pregunta si quiero que la app del Banco pueda realizar y administrar llamadas telef√≥nicas. El cual yo rechazo. Luego el mismo Banco me dice que tengo que aceptar los permisos para continuar. Por √∫ltimo acepto solo llamadas y nada que entra a la aplicaci√≥n. En realida no tengo nada que esconder pero ellos o ustedes no tienen nada que saber de mi vida privada. ESPERO QUE MEJOR EN ESE SENTIDO.,confidentiality
1649,"Le falta mucho en comparaci√≥n con los bancos privados. No permite ver estados de cuenta, ni solicitarlos. Tampoco hacer la solicitud de totem digital por ese medio. Es demasiado b√°sica.",not_applicable
1650,Aveces ingreso x primera vez y me dice q ya ingrese mi clave incorrecta 3 veces. Hoy me dice q debo actualizar la aplicaci√≥n cuando ya lo esta y se cierra todo cuando cancelo. Malisima!,authenticity
1651,"Hace una semana que al abrir la App me pide actualizarla pero este proceso no se puede realizar, indica pendiente y no corre. La peor app bancaria. La verdad que 1 estrella es mucho.",not_applicable
1652,"√öltimamente ya no deja utilizar, se supone que la aplicaci√≥n es 24/7, siempre est√° con el mensaje ""en este momento no hemos podido procesar la operaci√≥n"", ¬øque operaci√≥n? O es que solo funciona en horarios de oficina o espec√≠ficos?",not_applicable
1653,"Es una app que nunca funciona, tiene un sistema p√©simo y siempre est√° congestionado o en mantenimiento. Pienso que lo hacen a prop√≥sito para asistir a ventanilla.",not_applicable
1654,"Es muy √∫til, sin embargo cada cierto tiempo presenta fallas, mantenimiento, menciona que erramos clave cuando no fallamos ni una vez, y as√≠ muchas otras fallas que molestan demaciado.",authenticity
1655,"La aplicaci√≥n tiene muchas demoras al ingreso y ahora me sale la opci√≥n ""la aplicaci√≥n no puede ejecutarse en modo depuraci√≥n"" a pesar de que ya est√° correctamente instalada",not_applicable
1656,Es una perdida de tiempo encima que girar de otros bancos te demora un mont√≥n para que te llegue a la cuenta y lo peor de todo que ni siquiera puedes acceder a la aplicaci√≥n. As√≠ de simple es una idiotas esta aplicaci√≥n,not_applicable
1657,"P√©simo con la actualizaci√≥n no se puede escribir, el teclado no funciona en ninguno de los campos para los datos. Solucionen ya el problema.",not_applicable
1658,P√©simo aplicativo. Lo he actualizado y ahora nop uedo ingresar a la app. Ingreso los datos y autom√°ticamente se sale del aplicativo. No pasa nada. Deber√≠an mejorar su plataforma virtual,not_applicable
1659,"Esta bien pero puede mejorar, por ejemplo podr√≠an permitir manejar todas las cuentas dentro de la misma app. (tarjetas d√©bito, tarjeta de cr√©dito y cr√©ditos personales).",not_applicable
1660,"Deficiente, pues, cuando uno m√°s lo necesita, no funciona. Por favor verifiquen los servicios de pagos, transacciones y lo dem√°s que brindan y, solucionen las fallas.",not_applicable
1661,"Buenas, la aplicacion pide hace un mes funcionaba el token ahora no funciona dice que lo sincronice llamo a los numeros que indican 440-5305, 442-4470, sugiero debieran mirar al sistema usando celular como el interbank, es mas sencillo y no nos requiere comprar el token, ni reemplazarlo, ni sincronizarlo.",authenticity
1662,Es un desmadre k le pasa a esta aplicaci√≥n me sale. Q ya insistes 3 intentos con tu clave. Y ni siquiera deber√≠an. Modificar la aplicaci√≥n y ayudar a q estemos. Satisfechos con la aplicaci√≥n as√≠ k tuve q desinstalarlo. X k es iso toda una porquer√≠a,authenticity
1663,"La aplicaci√≥n paso d√≠as sin funcionar. Decid√≠ desinstalar y volver a instalar la app, pero ahora tengo que volver a ir al banco para activar el token digital. No es posible que deba perder tiempo yendo al banco cada que la app se cae.",not_applicable
1664,"La app es muy lenta aparte, y si no tienes internet no funciona, sino alcanzastes para hacer el retiro sin tarjeta se bloquea y eso genera perdida de tiempo prefiero que regrese el *551#",not_applicable
1665,"La nueva actualizaci√≥n es una tonter√≠a, el teclado para ingresar la clave no aparece. Tienes que volver a instalar para que aparezca, estaba mejor antes.",not_applicable
1666,Si no accede a la aplicaci√≥n (indica que no permite en modo emulador o modo depuraci√≥n). Ir a modo desarrollador en ajustes y desactivar depuraci√≥n USB y listo. ya podr√°s ingresar a la aplicaci√≥n...,not_applicable
1667,"La aplicaci√≥n es f√°cil de operar a primera vista, es un punto a favor, pero su sistema es horrible, la aplicaci√≥n aveces llega a no funcionar, no reconoce el n√∫mero de mi tarjeta, y me preocupa eso.",authenticity
1668,"Aplicaci√≥n muy lenta, ineficiente. Todos los d√≠as intento hacer el uso y me pide actualizaci√≥n,actualizaci√≥n y no permite concretarlo...Realmente un caos.",not_applicable
1669,Saben.. a est√°s alturas pienso que todas lapiniones de mejora de la app les llega al pin...ch.. porque hasta ahora no hacen el cambio radical que debe tener una aplicaci√≥n del Banco que representa a toda una Naci√≥n. Se requiere cambio NO MODIFICACIONES.,not_applicable
1670,"Casi siempre no entra a la aplicaci√≥n, eso que la desinstalo y vuelvo a instalar, tambi√©n entro cada 10 minutos e igual nunca abre, raras veces abre la aplicaci√≥n, muy mala aplicaci√≥n",not_applicable
1671,"la aplicacion se cierra de forma automatica no permitiendo el acceso, se realizo varios intentos y se volvio a instalar... sin resultado positivo hasta el dia de hoy...!!",not_applicable
1672,"Esta fallando mucho la app. Sale que la clave es erronea por ser de 3 digitos, cuando se eata digitando los 6 que te piden. Uno la utiliza para saber sus movimientos, pero constantemenge falla. Es un fastidio",authenticity
1673,"Una pena que no pueda acceder a mi app y tampoco mediante una laptop, ya llevo varios meses que no puedo usar mi cuenta para pagos y transferencias, la anterior version era mejor.",not_applicable
1674,"Desde que actualice el app ya no puedo entrar, arreglen esa situaci√≥n. Los usuarios necesitan acceder a sus operaciones. Cada actualizaci√≥n es para mejorar no para empeorar , no se pasen.",not_applicable
1675,"nunca tuve un solo error en la aplicaci√≥n, eh le√≠do los dem√°s opiniones y veo que muchos tiene problemas con la aplicaci√≥n, pero c√≥mo les digo, en lo personal a mi no me ha dado errores al ingresar o hacer otra cosas. Cabien de opini√≥n, con la actualizaci√≥n no me entra a mi cuenta",not_applicable
1676,Un tonter√≠a! Desde que me afilie hasta ahora para en mantenimiento! Por las puras uno trata de aminorar sus tiempos.! Deber√≠an contratar a un experto y no a un novato Administrando sus redes y aplicaciones! Mal mal mal!!!!!,not_applicable
1677,"No deja actualizar los datos y por ende no me deja hacer transferencias ni giros. P√©simo servicio. Actualicen la app, arreglen el error.",not_applicable
1678,Siempre con fallas ahora no deja abrir la aplicaci√≥n; le haces click y pone su pantalla de inicio y le le expulsa y ni siquiera puedes poner tus datos.,not_applicable
1679,"No me permite ingresar, es m√°s ni me deja escribir mi clave y tampoco mis otros datos, por favor necesitan mejorar la app, hasta el momento ni ganas me dan de calificar bien. Espero lo solucionen para cambiar mi calificaci√≥n.",not_applicable
1680,"Estoy justamente queriendo transferir un dinero de otro tipo de cuenta y no me acepta dice que la entidad bancaria no est√° disponible, voy abrir la app y me dice en estos momentos no est√° disponible, voy por ele navegador en la lapto y me dice que la p√°gina no esta disponible .... ahora cagxfgdhdj",not_applicable
1681,"La app parece estar congelada, no permite ingresar datos de inicio de sesi√≥n. Veo que muchos tienen el mismo inconveniente.",not_applicable
1682,"La aplicaci√≥n ya no funciona, sale el mensaje de HUBO UN ERROR Y NO PODEMOS CONECTARNOS EN ESTE MOMENTO... pero eso est√° desde hace meses. Lo m√°s triste es que el BN no se toma la molestia de dar soluci√≥n o tan siquiera responder los mensajes. Muy mal.",not_applicable
1683,"La peor aplicaci√≥n, se cierra, sale error en la clave, no guarda las cuentas en favoritos. En serio pagenle a alguien para que la desarrolle bien.",authenticity
1684,"Siempre est√° en mantenimiento nunca se puede hacer una transferencia interbancaria, molesta demasiado, crean una aplicaci√≥n que no sirve para nada",not_applicable
1685,"Es una app lenta le falta m√°s performance de parte del equipo de desarrollo, demora un eternidad en conectarse. Da mucho que desear y eso que es del estado o por eso ser√°.",not_applicable
1686,"Tengo m√°s de 7 meses que su app no funciona siempre esta fallando, cuando piensa arreglarla, es la pero app de banca movil que eh tenido, solucione r√°pido el problema de su app de su banca movil, espero una respuesta y soluci√≥n.",not_applicable
1687,"No puedo hacer pagos de √≠ndole alguna, acabo de hacer una transferencia interbancaria en plataforma f√≠sica y no aparece en la consulta de aplicaci√≥n, adem√°s que los tel√©fonos que se√±alan aparecen como fuera de servicio, muy mal",not_applicable
1688,"La aplicaci√≥n es lenta y cada vez funciona peor, en √©poca de cuarentena es una pesadilla usarla no puedo hacer transferencias, estoy obligado a usarla de lo contrario cambio hasta de banco.",not_applicable
1689,"Primero piden activar el token el cual hay que hacerlo necesariamente en ventanilla y perder tiempo, luego de esto pide actualizar los datos que supuestamente se hace desde el aplicativo pero cada vez que quiero hacerlo me dice que no puedo hacerlo en ese momento, p√©sima aplicaci√≥n.",not_applicable
1690,"Desde que actualic√© el App esta p√©simo üò°, no ingresa , solo aparece cargando y posterior a ello intente m√°s tarde.... Solucionen por favor, que esta p√©simo, muy mala la actualizaci√≥n.",not_applicable
1691,"Muy mala aplicaci√≥n no te deja hacer transferencias, de que te sirve la aplicacion si en todo momento te sale error, no podemos atenderlo en este momento, muy mala, mal√≠sima aplicaci√≥n.(es m√°s no le dar√≠a ni 1 estrella )",not_applicable
1692,"Ya llevo uchos meses ingresar a la app y no funciona, est√° inactiva la pantalla, no se puede hacer transferencia, es horrible no poder hacer los movimientos bancarios que uno necesita",not_applicable
1693,"pesima la nueva actualizaci√≥n, no puedo realizar ninguna operaci√≥n. me pide actualizar datos y al colocar la clave sms se cierra la app, ya llevo intentando 2 semanas y no se arregla. He tratado de ingresar por la web y tambi√©n me sale que hubo un error y no puedo ingresar a mi cuenta. Es el colmo. Por favor corrijan eso cuanto antes.",authenticity
1694,"Desde la √∫ltima actualizaci√≥n, solicitan actualizar los datos y piden clave token pero al ingresar se reinicia todo y no permite ingresar. Ahora no se puede hacer nada desde la APP",authenticity
1695,"Porquer√≠a de aplicaci√≥n, casi nunca funciona correctamente, falla en un 99% para realizar operaciones, solo sirve para visualizar tus saldos, una verdadera porquer√≠a la aplicaci√≥n, funcionaba mucho mejor el *515#",not_applicable
1696,"Que p√©simo servicio, no se puede ingresar para realizar alg√∫n movimiento, pierdo tiempo en esa app, instal√© varias veces y nada.",not_applicable
1697,"Utilizar la aplicaci√≥n cada vez es una tortura. En vez de mejorar, est√°n empeorando. La transferencia por celular a cada momento sale que en estos momentos no podemos atender su solicitud. Entonces para que hicieron esa actualizaci√≥n??",not_applicable
1698,Lo he instalado varias veces pero no me permite ingresar al app... me sale error del sistema; parece que carga y luego se cierra la pantalla‚òπÔ∏è‚òπÔ∏è‚òπÔ∏è,not_applicable
1699,"P√©sima. Desde hace una semana no funciona, dejo de funcionar sola, he desinstalado y volver a instalar y me sigue saliendo el error de que intente m√°s tarde.",not_applicable
1700,"No me deja ingresar, sale que mis datos son inv√°lidos.. intento cambiar la clave y me sale error ..ni eso se puede. Por lo que ya va una semana y no puedo ingresar a la aplicaci√≥n. P√©sima aplicaci√≥n",authenticity
